official_roster_source,official_roster_external_id,public_figure_name,role_category,role_title,wikidata_qid,proposed_x_handle,wikidata_url,official_evidence_url,direct_x_url,verification_status,note
prezydent.pl,prezydent/biografia,Karol Nawrocki,government,Prezydent Rzeczypospolitej Polskiej,,,,,,no_candidate_found,"Strona prezydent.pl linkuje tylko konto urzędu x.com/prezydentpl (Kancelaria), nie osobiste. Wikidata niedostępna w tej sesji (wikidata.org zablokowane dla narzędzi) — podpowiedzi nie sprawdzono. Sprawdzono: 2026-09-24."
gov.pl/premier (skład Rady Ministrów) | platforma.org (Ludzie),premier/donald-tusk | po:donald-tusk,Donald Tusk,government,Prezes Rady Ministrów; Platforma Obywatelska — Przewodniczący,,,,,,no_candidate_found,Role z różnych oficjalnych rosterów połączono po identycznym imieniu i nazwisku — redakcja potwierdza tożsamość przed publikacją. Profil na platforma.org linkuje tylko konto partii (twitter.com/Platforma_org). Wikidata niedostępna w tej sesji (wikidata.org zablokowane dla narzędzi) — podpowiedzi nie sprawdzono. Sprawdzono: 2026-09-24.
gov.pl/premier (skład Rady Ministrów) | psl.pl (Ludowcy),premier/wladyslaw-kosiniak-kamysz | psl:władysław-kosiniak-kamysz,Władysław Kosiniak-Kamysz,government,"Wiceprezes Rady Ministrów, Minister Obrony Narodowej; PSL — Prezes PSL",,kosiniakkamysz,,https://www.psl.pl/ludowcy/,https://www.twitter.com/kosiniakkamysz,confirmed_by_official_link,Dowód: karta „Władysław Kosiniak-Kamysz — PREZES PSL” na psl.pl. Role z różnych oficjalnych rosterów połączono po identycznym imieniu i nazwisku — redakcja potwierdza tożsamość przed publikacją. Sprawdzono: 2026-09-24.
gov.pl/premier (skład Rady Ministrów),premier/radoslaw-sikorski,Radosław Sikorski,government,"Wiceprezes Rady Ministrów, Minister Spraw Zagranicznych",,sikorskiradek,,https://www.gov.pl/web/dyplomacja/radoslaw-sikorski,https://x.com/sikorskiradek,confirmed_by_official_link,Dowód: profil w kierownictwie MSZ (gov.pl). Profil w składzie Rady Ministrów (gov.pl/web/premier) nie zawiera linku X; link jest na profilu MSZ. Sprawdzono: 2026-09-24.
gov.pl/premier (skład Rady Ministrów) | lewica.org.pl (Zarząd krajowy),premier/krzysztof-gawkowski | lewica:krzysztof-gawkowski,Krzysztof Gawkowski,government,"Wiceprezes Rady Ministrów, Minister Cyfryzacji; Nowa Lewica — Pierwszy Wiceprzewodniczący",,KGawkowski,,https://lewica.org.pl/o-nas/wladze-i-kadra/,https://x.com/KGawkowski,confirmed_by_official_link,Dowód: blok „Social media” przy karcie „Krzysztof Gawkowski — Pierwszy Wiceprzewodniczący”. Role z różnych oficjalnych rosterów połączono po identycznym imieniu i nazwisku — redakcja potwierdza tożsamość przed publikacją. Sprawdzono: 2026-09-24.
gov.pl/premier (skład Rady Ministrów),premier/wojciech-balczun,Wojciech Balczun,government,Minister Aktywów Państwowych,,,,,,no_candidate_found,Wikidata niedostępna w tej sesji (wikidata.org zablokowane dla narzędzi) — podpowiedzi nie sprawdzono. Na sprawdzonej oficjalnej stronie brak bezpośredniego linku do osobistego konta X. Sprawdzono: 2026-09-24.
gov.pl/premier (skład Rady Ministrów),premier/marta-cienkowska,Marta Cienkowska,government,Minister Kultury i Dziedzictwa Narodowego,,,,,,no_candidate_found,Wikidata niedostępna w tej sesji (wikidata.org zablokowane dla narzędzi) — podpowiedzi nie sprawdzono. Na sprawdzonej oficjalnej stronie brak bezpośredniego linku do osobistego konta X. Sprawdzono: 2026-09-24.
gov.pl/premier (skład Rady Ministrów),premier/andrzej-domanski2,Andrzej Domański,government,Minister Finansów i Gospodarki,,,,,,no_candidate_found,Wikidata niedostępna w tej sesji (wikidata.org zablokowane dla narzędzi) — podpowiedzi nie sprawdzono. Na sprawdzonej oficjalnej stronie brak bezpośredniego linku do osobistego konta X. Sprawdzono: 2026-09-24.
gov.pl/premier (skład Rady Ministrów) | lewica.org.pl (Zarząd krajowy),premier/agnieszka-dziemianowicz-bak | lewica:agnieszka-dziemianowicz-bak,Agnieszka Dziemianowicz-Bąk,government,"Ministra Rodziny, Pracy i Polityki Społecznej; Nowa Lewica — Wiceprzewodnicząca",,AgaBak,,https://lewica.org.pl/o-nas/wladze-i-kadra/,https://x.com/AgaBak,confirmed_by_official_link,Dowód: blok „Social media” przy karcie „Agnieszka Dziemianowicz-Bąk — Wiceprzewodnicząca”. Role z różnych oficjalnych rosterów połączono po identycznym imieniu i nazwisku — redakcja potwierdza tożsamość przed publikacją. Sprawdzono: 2026-09-24.
gov.pl/premier (skład Rady Ministrów),premier/jan-grabiec,Jan Grabiec,government,"Minister - Członek Rady Ministrów, Szef Kancelarii Prezesa Rady Ministrów",,,,,,no_candidate_found,Wikidata niedostępna w tej sesji (wikidata.org zablokowane dla narzędzi) — podpowiedzi nie sprawdzono. Na sprawdzonej oficjalnej stronie brak bezpośredniego linku do osobistego konta X. Sprawdzono: 2026-09-24.
gov.pl/premier (skład Rady Ministrów),premier/paulina-hennig-kloska,Paulina Hennig-Kloska,government,Minister Klimatu i Środowiska,,,,,,no_candidate_found,Wikidata niedostępna w tej sesji (wikidata.org zablokowane dla narzędzi) — podpowiedzi nie sprawdzono. Na sprawdzonej oficjalnej stronie brak bezpośredniego linku do osobistego konta X. Sprawdzono: 2026-09-24.
gov.pl/premier (skład Rady Ministrów),premier/marcin-kierwinski,Marcin Kierwiński,government,Minister Spraw Wewnętrznych i Administracji,,,,,,no_candidate_found,Wikidata niedostępna w tej sesji (wikidata.org zablokowane dla narzędzi) — podpowiedzi nie sprawdzono. Na sprawdzonej oficjalnej stronie brak bezpośredniego linku do osobistego konta X. Sprawdzono: 2026-09-24.
gov.pl/premier (skład Rady Ministrów) | psl.pl (Ludowcy),premier/dariusz-klimczak | psl:dariusz-klimczak,Dariusz Klimczak,government,Minister Infrastruktury; PSL — Wiceprezes NKW PSL,,DariuszKlimczak,,https://www.psl.pl/ludowcy/,https://twitter.com/DariuszKlimczak,confirmed_by_official_link,Dowód: karta „Dariusz Klimczak — WICEPREZES NKW PSL” na psl.pl. Role z różnych oficjalnych rosterów połączono po identycznym imieniu i nazwisku — redakcja potwierdza tożsamość przed publikacją. Sprawdzono: 2026-09-24.
gov.pl/premier (skład Rady Ministrów),premier/marcin-kulasek,Marcin Kulasek,government,Minister Nauki i Szkolnictwa Wyższego,,MarcinKulasek,,https://lewica.org.pl/o-nas/wladze-i-kadra/,https://x.com/MarcinKulasek,confirmed_by_official_link,Dowód: blok „Social media” przy karcie „Marcin Kulasek — Sekretarz Generalny”. Link X z karty lewica.org.pl z funkcją „Sekretarz Generalny” (poza zakresem ról partyjnych); tożsamość z rolą rządową ustalona po identycznym imieniu i nazwisku — do potwierdzenia redakcji. Sprawdzono: 2026-09-24.
gov.pl/premier (skład Rady Ministrów),premier/stefan-krajewski,Stefan Krajewski,government,Minister Rolnictwa i Rozwoju Wsi,,StefanKrajewski,,https://www.psl.pl/ludowcy/,https://twitter.com/StefanKrajewski,confirmed_by_official_link,Dowód: karta „Stefan Krajewski — SEKRETARZ NKW PSL” na psl.pl. Link X pochodzi z karty psl.pl z funkcją „Sekretarz NKW PSL” (poza zakresem ról partyjnych); tożsamość z rolą rządową ustalona po identycznym imieniu i nazwisku — do potwierdzenia redakcji. Sprawdzono: 2026-09-24.
gov.pl/premier (skład Rady Ministrów),premier/milosz-motyka,Miłosz Motyka,government,Minister Energii,,motykamilosz,,https://www.psl.pl/ludowcy/,https://x.com/motykamilosz,confirmed_by_official_link,Dowód: karta „Miłosz Motyka — SEKRETARZ NKW PSL” na psl.pl. Link X pochodzi z karty psl.pl z funkcją „Sekretarz NKW PSL” (poza zakresem ról partyjnych); tożsamość z rolą rządową ustalona po identycznym imieniu i nazwisku — do potwierdzenia redakcji. Sprawdzono: 2026-09-24.
gov.pl/premier (skład Rady Ministrów),premier/barbara-nowacka,Barbara Nowacka,government,Minister Edukacji,,,,,,no_candidate_found,Wikidata niedostępna w tej sesji (wikidata.org zablokowane dla narzędzi) — podpowiedzi nie sprawdzono. Na sprawdzonej oficjalnej stronie brak bezpośredniego linku do osobistego konta X. Sprawdzono: 2026-09-24.
gov.pl/premier (skład Rady Ministrów) | polska2050.pl (Zarząd Krajowy),premier/katarzyna-pelczynska-nalecz | p2050:katarzyna-pełczyńska-nałęcz,Katarzyna Pełczyńska-Nałęcz,government,Minister Funduszy i Polityki Regionalnej; Polska 2050 — Przewodnicząca Partii,,Kpelczynska,,https://polska2050.pl/nasi-ludzie/,https://twitter.com/Kpelczynska,confirmed_by_official_link,Dowód: karta „Katarzyna Pełczyńska-Nałęcz — Przewodnicząca Partii” w sekcji Zarząd Krajowy. Role z różnych oficjalnych rosterów połączono po identycznym imieniu i nazwisku — redakcja potwierdza tożsamość przed publikacją. Sprawdzono: 2026-09-24.
gov.pl/premier (skład Rady Ministrów),premier/jakub-rutnicki2,Jakub Rutnicki,government,Minister Sportu i Turystyki,,,,,,no_candidate_found,Wikidata niedostępna w tej sesji (wikidata.org zablokowane dla narzędzi) — podpowiedzi nie sprawdzono. Na sprawdzonej oficjalnej stronie brak bezpośredniego linku do osobistego konta X. Sprawdzono: 2026-09-24.
gov.pl/premier (skład Rady Ministrów) | platforma.org (Ludzie),premier/tomasz-siemoniak | po:tomasz-siemoniak,Tomasz Siemoniak,government,"Minister, członek Rady Ministrów, Koordynator Służb Specjalnych; Platforma Obywatelska — Wiceprzewodniczący",,,,,,no_candidate_found,Role z różnych oficjalnych rosterów połączono po identycznym imieniu i nazwisku — redakcja potwierdza tożsamość przed publikacją. Profil na platforma.org linkuje tylko konto partii (twitter.com/Platforma_org). Wikidata niedostępna w tej sesji (wikidata.org zablokowane dla narzędzi) — podpowiedzi nie sprawdzono. Sprawdzono: 2026-09-24.
gov.pl/premier (skład Rady Ministrów),premier/jolanta-sobieranska-grenda,Jolanta Sobierańska-Grenda,government,Minister Zdrowia,,,,,,no_candidate_found,Wikidata niedostępna w tej sesji (wikidata.org zablokowane dla narzędzi) — podpowiedzi nie sprawdzono. Na sprawdzonej oficjalnej stronie brak bezpośredniego linku do osobistego konta X. Sprawdzono: 2026-09-24.
gov.pl/premier (skład Rady Ministrów),premier/waldemar-zurek,Waldemar Żurek,government,Minister Sprawiedliwości,,,,,,no_candidate_found,Wikidata niedostępna w tej sesji (wikidata.org zablokowane dla narzędzi) — podpowiedzi nie sprawdzono. Na sprawdzonej oficjalnej stronie brak bezpośredniego linku do osobistego konta X. Sprawdzono: 2026-09-24.
gov.pl/aktywa-panstwowe (kierownictwo),aktywa-panstwowe/konrad-golota,Konrad Gołota,government,Podsekretarz stanu — Ministerstwo Aktywów Państwowych,,,,,,no_candidate_found,Wikidata niedostępna w tej sesji (wikidata.org zablokowane dla narzędzi) — podpowiedzi nie sprawdzono. Na sprawdzonej oficjalnej stronie brak bezpośredniego linku do osobistego konta X. Sprawdzono: 2026-09-24.
gov.pl/aktywa-panstwowe (kierownictwo),aktywa-panstwowe/grzegorz-wrona2,Grzegorz Wrona,government,Podsekretarz stanu — Ministerstwo Aktywów Państwowych,,,,,,no_candidate_found,Wikidata niedostępna w tej sesji (wikidata.org zablokowane dla narzędzi) — podpowiedzi nie sprawdzono. Na sprawdzonej oficjalnej stronie brak bezpośredniego linku do osobistego konta X. Sprawdzono: 2026-09-24.
gov.pl/aktywa-panstwowe (kierownictwo),aktywa-panstwowe/eliza-zeidler,Eliza Zeidler,government,Sekretarz stanu — Ministerstwo Aktywów Państwowych,,,,,,no_candidate_found,Wikidata niedostępna w tej sesji (wikidata.org zablokowane dla narzędzi) — podpowiedzi nie sprawdzono. Na sprawdzonej oficjalnej stronie brak bezpośredniego linku do osobistego konta X. Sprawdzono: 2026-09-24.
gov.pl/cyfryzacja (kierownictwo),cyfryzacja/rafal-rosinski,Rafał Rosiński,government,Podsekretarz Stanu — Ministerstwo Cyfryzacji,,,,,,no_candidate_found,Wikidata niedostępna w tej sesji (wikidata.org zablokowane dla narzędzi) — podpowiedzi nie sprawdzono. Na sprawdzonej oficjalnej stronie brak bezpośredniego linku do osobistego konta X. Sprawdzono: 2026-09-24.
gov.pl/cyfryzacja (kierownictwo),cyfryzacja/pawel-olszewski,Paweł Olszewski,government,Sekretarz Stanu — Ministerstwo Cyfryzacji,,,,,,no_candidate_found,Wikidata niedostępna w tej sesji (wikidata.org zablokowane dla narzędzi) — podpowiedzi nie sprawdzono. Na sprawdzonej oficjalnej stronie brak bezpośredniego linku do osobistego konta X. Sprawdzono: 2026-09-24.
gov.pl/cyfryzacja (kierownictwo),cyfryzacja/dariusz-standerski2,Dariusz Standerski,government,Sekretarz Stanu — Ministerstwo Cyfryzacji,,,,,,no_candidate_found,Wikidata niedostępna w tej sesji (wikidata.org zablokowane dla narzędzi) — podpowiedzi nie sprawdzono. Na sprawdzonej oficjalnej stronie brak bezpośredniego linku do osobistego konta X. Sprawdzono: 2026-09-24.
gov.pl/cyfryzacja (kierownictwo),cyfryzacja/michal-gramatyka,Michał Gramatyka,government,Sekretarz Stanu — Ministerstwo Cyfryzacji,,,,,,no_candidate_found,Wikidata niedostępna w tej sesji (wikidata.org zablokowane dla narzędzi) — podpowiedzi nie sprawdzono. Na sprawdzonej oficjalnej stronie brak bezpośredniego linku do osobistego konta X. Sprawdzono: 2026-09-24.
gov.pl/dyplomacja (kierownictwo),dyplomacja/ignacy-niemczycki,Ignacy Niemczycki,government,Sekretarz Stanu — Ministerstwo Spraw Zagranicznych,,,,,,no_candidate_found,Wikidata niedostępna w tej sesji (wikidata.org zablokowane dla narzędzi) — podpowiedzi nie sprawdzono. Na sprawdzonej oficjalnej stronie brak bezpośredniego linku do osobistego konta X. Sprawdzono: 2026-09-24.
gov.pl/dyplomacja (kierownictwo),dyplomacja/marcin-bosacki,Marcin Bosacki,government,Sekretarz Stanu — Ministerstwo Spraw Zagranicznych,,MarcinBosacki,,https://www.gov.pl/web/dyplomacja/marcin-bosacki,https://x.com/MarcinBosacki,confirmed_by_official_link,Dowód: profil w kierownictwie MSZ (gov.pl). Sprawdzono: 2026-09-24.
gov.pl/dyplomacja (kierownictwo),dyplomacja/wladyslaw-teofil-bartoszewski,Władysław Teofil Bartoszewski,government,Sekretarz Stanu — Ministerstwo Spraw Zagranicznych,,WTBartoszewski,,https://www.gov.pl/web/dyplomacja/wladyslaw-teofil-bartoszewski,https://x.com/WTBartoszewski,confirmed_by_official_link,Dowód: profil w kierownictwie MSZ (gov.pl). Sprawdzono: 2026-09-24.
gov.pl/dyplomacja (kierownictwo),dyplomacja/robert-kupiecki,Robert Kupiecki,government,Podsekretarz Stanu — Ministerstwo Spraw Zagranicznych,,RKupiecki,,https://www.gov.pl/web/dyplomacja/robert-kupiecki,https://x.com/RKupiecki,confirmed_by_official_link,Dowód: profil w kierownictwie MSZ (gov.pl). Sprawdzono: 2026-09-24.
gov.pl/dyplomacja (kierownictwo),dyplomacja/artur-harazim,Artur Harazim,government,Podsekretarz Stanu — Ministerstwo Spraw Zagranicznych,,,,,,no_candidate_found,Wikidata niedostępna w tej sesji (wikidata.org zablokowane dla narzędzi) — podpowiedzi nie sprawdzono. Na sprawdzonej oficjalnej stronie brak bezpośredniego linku do osobistego konta X. Sprawdzono: 2026-09-24.
gov.pl/dyplomacja (kierownictwo),dyplomacja/wojciech-zajaczkowski2,Wojciech Zajączkowski,government,Podsekretarz Stanu — Ministerstwo Spraw Zagranicznych,,,,,,no_candidate_found,Wikidata niedostępna w tej sesji (wikidata.org zablokowane dla narzędzi) — podpowiedzi nie sprawdzono. Na sprawdzonej oficjalnej stronie brak bezpośredniego linku do osobistego konta X. Sprawdzono: 2026-09-24.
gov.pl/edukacja (kierownictwo),edukacja/katarzyna-lubnauer,Katarzyna Lubnauer,government,Sekretarz stanu — Ministerstwo Edukacji Narodowej,,,,,,no_candidate_found,Wikidata niedostępna w tej sesji (wikidata.org zablokowane dla narzędzi) — podpowiedzi nie sprawdzono. Na sprawdzonej oficjalnej stronie brak bezpośredniego linku do osobistego konta X. Sprawdzono: 2026-09-24.
gov.pl/edukacja (kierownictwo),edukacja/henryk-kiepura,Henryk Kiepura,government,Sekretarz stanu — Ministerstwo Edukacji Narodowej,,Henryk55957871,,https://www.psl.pl/ludowcy/,https://twitter.com/Henryk55957871,confirmed_by_official_link,Dowód: karta „Henryk Kiepura — SKARBNIK NKW PSL” na psl.pl. Link X pochodzi z karty psl.pl z funkcją „Skarbnik NKW PSL” (poza zakresem ról partyjnych); tożsamość z rolą rządową ustalona po identycznym imieniu i nazwisku — do potwierdzenia redakcji. Sprawdzono: 2026-09-24.
gov.pl/edukacja (kierownictwo),edukacja/izabela-zietka,Izabela Ziętka,government,Podsekretarz stanu — Ministerstwo Edukacji Narodowej,,,,,,no_candidate_found,Wikidata niedostępna w tej sesji (wikidata.org zablokowane dla narzędzi) — podpowiedzi nie sprawdzono. Na sprawdzonej oficjalnej stronie brak bezpośredniego linku do osobistego konta X. Sprawdzono: 2026-09-24.
gov.pl/edukacja (kierownictwo),edukacja/paulina-piechna-wieckiewicz,Paulina Piechna-Więckiewicz,government,Podsekretarz stanu — Ministerstwo Edukacji Narodowej,,,,,,no_candidate_found,Wikidata niedostępna w tej sesji (wikidata.org zablokowane dla narzędzi) — podpowiedzi nie sprawdzono. Na sprawdzonej oficjalnej stronie brak bezpośredniego linku do osobistego konta X. Sprawdzono: 2026-09-24.
gov.pl/energia (kierownictwo),energia/piotr-pawel-maslowski,Piotr Paweł Masłowski,government,Sekretarz Stanu — Ministerstwo Energii,,,,,,no_candidate_found,Wikidata niedostępna w tej sesji (wikidata.org zablokowane dla narzędzi) — podpowiedzi nie sprawdzono. Na sprawdzonej oficjalnej stronie brak bezpośredniego linku do osobistego konta X. Sprawdzono: 2026-09-24.
gov.pl/energia (kierownictwo),energia/konrad-wojnarowski,Konrad Wojnarowski,government,Podsekretarz Stanu — Ministerstwo Energii,,,,,,no_candidate_found,Wikidata niedostępna w tej sesji (wikidata.org zablokowane dla narzędzi) — podpowiedzi nie sprawdzono. Na sprawdzonej oficjalnej stronie brak bezpośredniego linku do osobistego konta X. Sprawdzono: 2026-09-24.
gov.pl/energia (kierownictwo),energia/wojciech-wrochna,Wojciech Wrochna,government,"Sekretarz Stanu, Pełnomocnik Rządu ds. Strategicznej Infrastruktury Energetycznej — Ministerstwo Energii",,,,,,no_candidate_found,Wikidata niedostępna w tej sesji (wikidata.org zablokowane dla narzędzi) — podpowiedzi nie sprawdzono. Na sprawdzonej oficjalnej stronie brak bezpośredniego linku do osobistego konta X. Sprawdzono: 2026-09-24.
gov.pl/energia (kierownictwo),energia/marian-zmarzly,Marian Zmarzły,government,Podsekretarz Stanu — Ministerstwo Energii,,,,,,no_candidate_found,Wikidata niedostępna w tej sesji (wikidata.org zablokowane dla narzędzi) — podpowiedzi nie sprawdzono. Na sprawdzonej oficjalnej stronie brak bezpośredniego linku do osobistego konta X. Sprawdzono: 2026-09-24.
gov.pl/finanse (kierownictwo),finanse/zbigniew-stawicki,Zbigniew Stawicki,government,"Podsekretarz Stanu, Zastępca Szefa Krajowej Administracji Skarbowej — Ministerstwo Finansów",,,,,,no_candidate_found,Wikidata niedostępna w tej sesji (wikidata.org zablokowane dla narzędzi) — podpowiedzi nie sprawdzono. Na sprawdzonej oficjalnej stronie brak bezpośredniego linku do osobistego konta X. Sprawdzono: 2026-09-24.
gov.pl/finanse (kierownictwo),finanse/marcin-loboda,Marcin Łoboda,government,"Sekretarz Stanu, Szef Krajowej Administracji Skarbowej — Ministerstwo Finansów",,,,,,no_candidate_found,Wikidata niedostępna w tej sesji (wikidata.org zablokowane dla narzędzi) — podpowiedzi nie sprawdzono. Na sprawdzonej oficjalnej stronie brak bezpośredniego linku do osobistego konta X. Sprawdzono: 2026-09-24.
gov.pl/finanse (kierownictwo),finanse/podsekretarz-stanu-mf,Jurand Drop,government,Podsekretarz Stanu — Ministerstwo Finansów,,,,,,no_candidate_found,Wikidata niedostępna w tej sesji (wikidata.org zablokowane dla narzędzi) — podpowiedzi nie sprawdzono. Na sprawdzonej oficjalnej stronie brak bezpośredniego linku do osobistego konta X. Sprawdzono: 2026-09-24.
gov.pl/finanse (kierownictwo),finanse/jaroslaw-neneman,Jarosław Neneman,government,Podsekretarz Stanu — Ministerstwo Finansów,,,,,,no_candidate_found,Wikidata niedostępna w tej sesji (wikidata.org zablokowane dla narzędzi) — podpowiedzi nie sprawdzono. Na sprawdzonej oficjalnej stronie brak bezpośredniego linku do osobistego konta X. Sprawdzono: 2026-09-24.
gov.pl/finanse (kierownictwo),finanse/hanna-majszczyk,Hanna Majszczyk,government,Podsekretarz Stanu — Ministerstwo Finansów,,,,,,no_candidate_found,Wikidata niedostępna w tej sesji (wikidata.org zablokowane dla narzędzi) — podpowiedzi nie sprawdzono. Na sprawdzonej oficjalnej stronie brak bezpośredniego linku do osobistego konta X. Sprawdzono: 2026-09-24.
gov.pl/fundusze-regiony (kierownictwo),fundusze-regiony/jacek-karnowski,Jacek Karnowski,government,Sekretarz Stanu — Ministerstwo Funduszy i Polityki Regionalnej,,,,,,no_candidate_found,Wikidata niedostępna w tej sesji (wikidata.org zablokowane dla narzędzi) — podpowiedzi nie sprawdzono. Na sprawdzonej oficjalnej stronie brak bezpośredniego linku do osobistego konta X. Sprawdzono: 2026-09-24.
gov.pl/fundusze-regiony (kierownictwo),fundusze-regiony/jan-szyszko,Jan Szyszko,government,Sekretarz Stanu — Ministerstwo Funduszy i Polityki Regionalnej,,,,,,no_candidate_found,Wikidata niedostępna w tej sesji (wikidata.org zablokowane dla narzędzi) — podpowiedzi nie sprawdzono. Na sprawdzonej oficjalnej stronie brak bezpośredniego linku do osobistego konta X. Sprawdzono: 2026-09-24.
gov.pl/infrastruktura (kierownictwo),infrastruktura/arkadiusz-marchewka,Arkadiusz Marchewka,government,Sekretarz stanu — Ministerstwo Infrastruktury,,,,,,no_candidate_found,Wikidata niedostępna w tej sesji (wikidata.org zablokowane dla narzędzi) — podpowiedzi nie sprawdzono. Na sprawdzonej oficjalnej stronie brak bezpośredniego linku do osobistego konta X. Sprawdzono: 2026-09-24.
gov.pl/infrastruktura (kierownictwo),infrastruktura/stanislaw-bukowiec,Stanisław Bukowiec,government,"Sekretarz stanu, Pełnomocnik Rządu ds. przeciwdziałania wykluczeniu komunikacyjnemu — Ministerstwo Infrastruktury",,,,,,no_candidate_found,Wikidata niedostępna w tej sesji (wikidata.org zablokowane dla narzędzi) — podpowiedzi nie sprawdzono. Na sprawdzonej oficjalnej stronie brak bezpośredniego linku do osobistego konta X. Sprawdzono: 2026-09-24.
gov.pl/infrastruktura (kierownictwo),infrastruktura/piotr-malepszak,Piotr Malepszak,government,"Podsekretarz stanu, Pełnomocnik Rządu do spraw Centralnego Portu Komunikacyjnego — Ministerstwo Infrastruktury",,,,,,no_candidate_found,Wikidata niedostępna w tej sesji (wikidata.org zablokowane dla narzędzi) — podpowiedzi nie sprawdzono. Na sprawdzonej oficjalnej stronie brak bezpośredniego linku do osobistego konta X. Sprawdzono: 2026-09-24.
gov.pl/infrastruktura (kierownictwo),infrastruktura/przemyslaw-koperski,Przemysław Koperski,government,Podsekretarz stanu — Ministerstwo Infrastruktury,,,,,,no_candidate_found,Wikidata niedostępna w tej sesji (wikidata.org zablokowane dla narzędzi) — podpowiedzi nie sprawdzono. Na sprawdzonej oficjalnej stronie brak bezpośredniego linku do osobistego konta X. Sprawdzono: 2026-09-24.
gov.pl/klimat (kierownictwo),klimat/urszula-zielinska,Urszula Zielińska,government,Sekretarz stanu — Ministerstwo Klimatu i Środowiska,,,,,,no_candidate_found,Wikidata niedostępna w tej sesji (wikidata.org zablokowane dla narzędzi) — podpowiedzi nie sprawdzono. Na sprawdzonej oficjalnej stronie brak bezpośredniego linku do osobistego konta X. Sprawdzono: 2026-09-24.
gov.pl/klimat (kierownictwo),klimat/anita-sowinska,Anita Sowińska,government,Podsekretarz stanu — Ministerstwo Klimatu i Środowiska,,,,,,no_candidate_found,Wikidata niedostępna w tej sesji (wikidata.org zablokowane dla narzędzi) — podpowiedzi nie sprawdzono. Na sprawdzonej oficjalnej stronie brak bezpośredniego linku do osobistego konta X. Sprawdzono: 2026-09-24.
gov.pl/klimat (kierownictwo),klimat/krzysztof-bolesta,Krzysztof Bolesta,government,Sekretarz Stanu — Ministerstwo Klimatu i Środowiska,,,,,,no_candidate_found,Wikidata niedostępna w tej sesji (wikidata.org zablokowane dla narzędzi) — podpowiedzi nie sprawdzono. Na sprawdzonej oficjalnej stronie brak bezpośredniego linku do osobistego konta X. Sprawdzono: 2026-09-24.
gov.pl/klimat (kierownictwo),klimat/krzysztof-galos,Krzysztof Galos,government,"Podsekretarz Stanu, Główny Geolog Kraju — Ministerstwo Klimatu i Środowiska",,,,,,no_candidate_found,Wikidata niedostępna w tej sesji (wikidata.org zablokowane dla narzędzi) — podpowiedzi nie sprawdzono. Na sprawdzonej oficjalnej stronie brak bezpośredniego linku do osobistego konta X. Sprawdzono: 2026-09-24.
gov.pl/klimat (kierownictwo),klimat/slawomir-cwik,Sławomir Ćwik,government,Sekretarz stanu — Ministerstwo Klimatu i Środowiska,,,,,,no_candidate_found,Wikidata niedostępna w tej sesji (wikidata.org zablokowane dla narzędzi) — podpowiedzi nie sprawdzono. Na sprawdzonej oficjalnej stronie brak bezpośredniego linku do osobistego konta X. Sprawdzono: 2026-09-24.
gov.pl/kultura (kierownictwo),kultura/slawomir-rogowski,Sławomir Rogowski,government,Podsekretarz stanu — Ministerstwo Kultury i Dziedzictwa Narodowego,,,,,,no_candidate_found,Wikidata niedostępna w tej sesji (wikidata.org zablokowane dla narzędzi) — podpowiedzi nie sprawdzono. Na sprawdzonej oficjalnej stronie brak bezpośredniego linku do osobistego konta X. Sprawdzono: 2026-09-24.
gov.pl/kultura (kierownictwo),kultura/maciej-wrobel,Maciej Wróbel,government,Sekretarz stanu — Ministerstwo Kultury i Dziedzictwa Narodowego,,,,,,no_candidate_found,Wikidata niedostępna w tej sesji (wikidata.org zablokowane dla narzędzi) — podpowiedzi nie sprawdzono. Na sprawdzonej oficjalnej stronie brak bezpośredniego linku do osobistego konta X. Sprawdzono: 2026-09-24.
gov.pl/kultura (kierownictwo),kultura/bozena-zelazowska,Bożena Żelazowska,government,"Sekretarz stanu, Generalny Konserwator Zabytków — Ministerstwo Kultury i Dziedzictwa Narodowego",,,,,,no_candidate_found,Wikidata niedostępna w tej sesji (wikidata.org zablokowane dla narzędzi) — podpowiedzi nie sprawdzono. Na sprawdzonej oficjalnej stronie brak bezpośredniego linku do osobistego konta X. Sprawdzono: 2026-09-24.
gov.pl/kultura (kierownictwo),kultura/marek-krawczyk-,Marek Krawczyk,government,Podsekretarz stanu — Ministerstwo Kultury i Dziedzictwa Narodowego,,,,,,no_candidate_found,Wikidata niedostępna w tej sesji (wikidata.org zablokowane dla narzędzi) — podpowiedzi nie sprawdzono. Na sprawdzonej oficjalnej stronie brak bezpośredniego linku do osobistego konta X. Sprawdzono: 2026-09-24.
gov.pl/mswia (kierownictwo),mswia/magdalena-roguska,Magdalena Roguska,government,Sekretarz Stanu — Ministerstwo Spraw Wewnętrznych i Administracji,,,,,,no_candidate_found,Wikidata niedostępna w tej sesji (wikidata.org zablokowane dla narzędzi) — podpowiedzi nie sprawdzono. Na sprawdzonej oficjalnej stronie brak bezpośredniego linku do osobistego konta X. Sprawdzono: 2026-09-24.
gov.pl/mswia (kierownictwo),mswia/czeslaw-mroczek3,Czesław Mroczek,government,Sekretarz Stanu — Ministerstwo Spraw Wewnętrznych i Administracji,,,,,,no_candidate_found,Wikidata niedostępna w tej sesji (wikidata.org zablokowane dla narzędzi) — podpowiedzi nie sprawdzono. Na sprawdzonej oficjalnej stronie brak bezpośredniego linku do osobistego konta X. Sprawdzono: 2026-09-24.
gov.pl/mswia (kierownictwo) | lewica.org.pl (Zarząd krajowy),mswia/wieslaw-szczepanski | lewica:wieslaw-szczepanski,Wiesław Szczepański,government,Sekretarz Stanu — Ministerstwo Spraw Wewnętrznych i Administracji; Nowa Lewica — Wiceprzewodniczący,,Szczepanski2019,,https://lewica.org.pl/o-nas/wladze-i-kadra/,https://x.com/Szczepanski2019,confirmed_by_official_link,Dowód: blok „Social media” przy karcie „Wiesław Szczepański — Wiceprzewodniczący”. Role z różnych oficjalnych rosterów połączono po identycznym imieniu i nazwisku — redakcja potwierdza tożsamość przed publikacją. Sprawdzono: 2026-09-24.
gov.pl/mswia (kierownictwo),mswia/tomasz-szymanski,Tomasz Szymański,government,Sekretarz Stanu — Ministerstwo Spraw Wewnętrznych i Administracji,,,,,,no_candidate_found,Wikidata niedostępna w tej sesji (wikidata.org zablokowane dla narzędzi) — podpowiedzi nie sprawdzono. Na sprawdzonej oficjalnej stronie brak bezpośredniego linku do osobistego konta X. Sprawdzono: 2026-09-24.
gov.pl/mswia (kierownictwo),mswia/wieslaw-lesniakiewicz,Wiesław Leśniakiewicz,government,Podsekretarz Stanu — Ministerstwo Spraw Wewnętrznych i Administracji,,,,,,no_candidate_found,Wikidata niedostępna w tej sesji (wikidata.org zablokowane dla narzędzi) — podpowiedzi nie sprawdzono. Na sprawdzonej oficjalnej stronie brak bezpośredniego linku do osobistego konta X. Sprawdzono: 2026-09-24.
gov.pl/mswia (kierownictwo),mswia/maciej-duszczyk,Maciej Duszczyk,government,Podsekretarz Stanu — Ministerstwo Spraw Wewnętrznych i Administracji,,,,,,no_candidate_found,Wikidata niedostępna w tej sesji (wikidata.org zablokowane dla narzędzi) — podpowiedzi nie sprawdzono. Na sprawdzonej oficjalnej stronie brak bezpośredniego linku do osobistego konta X. Sprawdzono: 2026-09-24.
gov.pl/nauka (kierownictwo),nauka/marek-gzik,Marek Gzik,government,Sekretarz stanu — Ministerstwo Nauki i Szkolnictwa Wyższego,,,,,,no_candidate_found,Wikidata niedostępna w tej sesji (wikidata.org zablokowane dla narzędzi) — podpowiedzi nie sprawdzono. Na sprawdzonej oficjalnej stronie brak bezpośredniego linku do osobistego konta X. Sprawdzono: 2026-09-24.
gov.pl/nauka (kierownictwo) | lewica.org.pl (Zarząd krajowy),nauka/karolina-ziolo-puzuk | lewica:karolina-ziolo-puzuk,Karolina Zioło-Pużuk,government,Sekretarzyni stanu — Ministerstwo Nauki i Szkolnictwa Wyższego; Nowa Lewica — Wiceprzewodnicząca,,KarolinaZioloP,,https://lewica.org.pl/o-nas/wladze-i-kadra/,https://x.com/KarolinaZioloP,confirmed_by_official_link,Dowód: blok „Social media” przy karcie „Karolina Zioło-Pużuk — Wiceprzewodnicząca”. Role z różnych oficjalnych rosterów połączono po identycznym imieniu i nazwisku — redakcja potwierdza tożsamość przed publikacją. Sprawdzono: 2026-09-24.
gov.pl/nauka (kierownictwo),nauka/andrzej-szeptycki2,Andrzej Szeptycki,government,Podsekretarz stanu — Ministerstwo Nauki i Szkolnictwa Wyższego,,,,,,no_candidate_found,Wikidata niedostępna w tej sesji (wikidata.org zablokowane dla narzędzi) — podpowiedzi nie sprawdzono. Na sprawdzonej oficjalnej stronie brak bezpośredniego linku do osobistego konta X. Sprawdzono: 2026-09-24.
gov.pl/nauka (kierownictwo),nauka/mariamrowczynska,Maria Mrówczyńska,government,Sekretarz stanu — Ministerstwo Nauki i Szkolnictwa Wyższego,,,,,,no_candidate_found,Wikidata niedostępna w tej sesji (wikidata.org zablokowane dla narzędzi) — podpowiedzi nie sprawdzono. Na sprawdzonej oficjalnej stronie brak bezpośredniego linku do osobistego konta X. Sprawdzono: 2026-09-24.
gov.pl/obrona-narodowa (kierownictwo),obrona-narodowa/pawel-bejda,Paweł Bejda,government,Sekretarz Stanu — Ministerstwo Obrony Narodowej,,,,,,no_candidate_found,Wikidata niedostępna w tej sesji (wikidata.org zablokowane dla narzędzi) — podpowiedzi nie sprawdzono. Na sprawdzonej oficjalnej stronie brak bezpośredniego linku do osobistego konta X. Sprawdzono: 2026-09-24.
gov.pl/obrona-narodowa (kierownictwo) | platforma.org (Ludzie),obrona-narodowa/cezary-jozef-tomczyk2 | po:cezary-tomczyk,Cezary Tomczyk,government,Sekretarz Stanu — Ministerstwo Obrony Narodowej; Platforma Obywatelska — Wiceprzewodniczący,,,,,,no_candidate_found,Role z różnych oficjalnych rosterów połączono po identycznym imieniu i nazwisku — redakcja potwierdza tożsamość przed publikacją. Profil na platforma.org linkuje tylko konto partii (twitter.com/Platforma_org). Wikidata niedostępna w tej sesji (wikidata.org zablokowane dla narzędzi) — podpowiedzi nie sprawdzono. Sprawdzono: 2026-09-24.
gov.pl/obrona-narodowa (kierownictwo),obrona-narodowa/pawel-zalewski,Paweł Zalewski,government,Sekretarz Stanu — Ministerstwo Obrony Narodowej,,,,,,no_candidate_found,Wikidata niedostępna w tej sesji (wikidata.org zablokowane dla narzędzi) — podpowiedzi nie sprawdzono. Na sprawdzonej oficjalnej stronie brak bezpośredniego linku do osobistego konta X. Sprawdzono: 2026-09-24.
gov.pl/obrona-narodowa (kierownictwo),obrona-narodowa/magdalena-sobkowiak-czarnecka2,Magdalena Sobkowiak-Czarnecka,government,Sekretarz Stanu — Ministerstwo Obrony Narodowej,,,,,,no_candidate_found,Wikidata niedostępna w tej sesji (wikidata.org zablokowane dla narzędzi) — podpowiedzi nie sprawdzono. Na sprawdzonej oficjalnej stronie brak bezpośredniego linku do osobistego konta X. Sprawdzono: 2026-09-24.
gov.pl/obrona-narodowa (kierownictwo),obrona-narodowa/stanislaw-wziatek2,Stanisław Wziątek,government,Podsekretarz Stanu — Ministerstwo Obrony Narodowej,,,,,,no_candidate_found,Wikidata niedostępna w tej sesji (wikidata.org zablokowane dla narzędzi) — podpowiedzi nie sprawdzono. Na sprawdzonej oficjalnej stronie brak bezpośredniego linku do osobistego konta X. Sprawdzono: 2026-09-24.
gov.pl/premier (kierownictwo),premier/grzegorz-karpinski2,Grzegorz Karpiński,government,"Sekretarz Stanu, Zastępca Szefa Kancelarii Prezesa Rady Ministrów — Kancelaria Prezesa Rady Ministrów",,,,,,no_candidate_found,Wikidata niedostępna w tej sesji (wikidata.org zablokowane dla narzędzi) — podpowiedzi nie sprawdzono. Na sprawdzonej oficjalnej stronie brak bezpośredniego linku do osobistego konta X. Sprawdzono: 2026-09-24.
gov.pl/premier (kierownictwo),premier/adam-szlapka,Adam Szłapka,government,"Sekretarz Stanu, Rzecznik rządu — Kancelaria Prezesa Rady Ministrów",,,,,,no_candidate_found,Wikidata niedostępna w tej sesji (wikidata.org zablokowane dla narzędzi) — podpowiedzi nie sprawdzono. Na sprawdzonej oficjalnej stronie brak bezpośredniego linku do osobistego konta X. Sprawdzono: 2026-09-24.
gov.pl/premier (kierownictwo),premier/jakub-stefaniak,Jakub Stefaniak,government,"Sekretarz Stanu, Zastępca Szefa Kancelarii Prezesa Rady Ministrów — Kancelaria Prezesa Rady Ministrów",,,,,,no_candidate_found,Wikidata niedostępna w tej sesji (wikidata.org zablokowane dla narzędzi) — podpowiedzi nie sprawdzono. Na sprawdzonej oficjalnej stronie brak bezpośredniego linku do osobistego konta X. Sprawdzono: 2026-09-24.
gov.pl/premier (kierownictwo) | platforma.org (Ludzie),premier/marzena-okla-drewnowicz | po:marzena-okła-drewnowicz,Marzena Okła-Drewnowicz,government,"Sekretarz Stanu, Pełnomocnik Rządu do spraw Polityki Senioralnej — Kancelaria Prezesa Rady Ministrów; Platforma Obywatelska — Wiceprzewodnicząca",,,,,,no_candidate_found,Role z różnych oficjalnych rosterów połączono po identycznym imieniu i nazwisku — redakcja potwierdza tożsamość przed publikacją. Profil na platforma.org linkuje tylko konto partii (twitter.com/Platforma_org). Wikidata niedostępna w tej sesji (wikidata.org zablokowane dla narzędzi) — podpowiedzi nie sprawdzono. Sprawdzono: 2026-09-24.
gov.pl/premier (kierownictwo) | lewica.org.pl (Zarząd krajowy),premier/katarzyna-kotula2 | lewica:katarzyna-kotula,Katarzyna Kotula,government,"Sekretarz Stanu, Pełnomocnik Rządu do Spraw Równości — Kancelaria Prezesa Rady Ministrów; Nowa Lewica — Wiceprzewodnicząca",,KotulaKat,,https://lewica.org.pl/o-nas/wladze-i-kadra/,https://x.com/KotulaKat,confirmed_by_official_link,Dowód: blok „Social media” przy karcie „Katarzyna Kotula — Wiceprzewodnicząca”. Role z różnych oficjalnych rosterów połączono po identycznym imieniu i nazwisku — redakcja potwierdza tożsamość przed publikacją. Sprawdzono: 2026-09-24.
gov.pl/premier (kierownictwo),premier/radoslaw-kujawa,Radosław Kujawa,government,Sekretarz Stanu — Kancelaria Prezesa Rady Ministrów,,,,,,no_candidate_found,Wikidata niedostępna w tej sesji (wikidata.org zablokowane dla narzędzi) — podpowiedzi nie sprawdzono. Na sprawdzonej oficjalnej stronie brak bezpośredniego linku do osobistego konta X. Sprawdzono: 2026-09-24.
gov.pl/premier (kierownictwo),premier/adriana-porowska2,Adriana Porowska,government,"Sekretarz Stanu, Wiceprzewodnicząca Komitetu do spraw Pożytku Publicznego — Kancelaria Prezesa Rady Ministrów",,,,,,no_candidate_found,Wikidata niedostępna w tej sesji (wikidata.org zablokowane dla narzędzi) — podpowiedzi nie sprawdzono. Na sprawdzonej oficjalnej stronie brak bezpośredniego linku do osobistego konta X. Sprawdzono: 2026-09-24.
gov.pl/premier (kierownictwo),premier/agnieszka-rucinska,Agnieszka Rucińska,government,Podsekretarz Stanu — Kancelaria Prezesa Rady Ministrów,,,,,,no_candidate_found,Wikidata niedostępna w tej sesji (wikidata.org zablokowane dla narzędzi) — podpowiedzi nie sprawdzono. Na sprawdzonej oficjalnej stronie brak bezpośredniego linku do osobistego konta X. Sprawdzono: 2026-09-24.
gov.pl/premier (kierownictwo),premier/karol-grzybowski,Karol Grzybowski,government,Podsekretarz Stanu — Kancelaria Prezesa Rady Ministrów,,,,,,no_candidate_found,Wikidata niedostępna w tej sesji (wikidata.org zablokowane dla narzędzi) — podpowiedzi nie sprawdzono. Na sprawdzonej oficjalnej stronie brak bezpośredniego linku do osobistego konta X. Sprawdzono: 2026-09-24.
gov.pl/rodzina (kierownictwo),rodzina/aleksandra-gajewska,Aleksandra Gajewska,government,"Sekretarz Stanu — Ministerstwo Rodziny, Pracy i Polityki Społecznej",,,,,,no_candidate_found,Wikidata niedostępna w tej sesji (wikidata.org zablokowane dla narzędzi) — podpowiedzi nie sprawdzono. Na sprawdzonej oficjalnej stronie brak bezpośredniego linku do osobistego konta X. Sprawdzono: 2026-09-24.
gov.pl/rodzina (kierownictwo) | polska2050.pl (Zarząd Krajowy),rodzina/katarzyna-nowakowska | p2050:katarzyna-nowakowska,Katarzyna Nowakowska,government,"Podsekretarz Stanu — Ministerstwo Rodziny, Pracy i Polityki Społecznej; Polska 2050 — Wiceprzewodnicząca Partii",,nowakowska_ka,,https://polska2050.pl/nasi-ludzie/,https://twitter.com/nowakowska_ka,confirmed_by_official_link,Dowód: karta „Katarzyna Nowakowska — Wiceprzewodnicząca Partii” w sekcji Zarząd Krajowy. Role z różnych oficjalnych rosterów połączono po identycznym imieniu i nazwisku — redakcja potwierdza tożsamość przed publikacją. Sprawdzono: 2026-09-24.
gov.pl/rodzina (kierownictwo),rodzina/monika-sikora,Monika Sikora,government,"Sekretarz Stanu, Pełnomocnik Rządu ds. Osób Niepełnosprawnych — Ministerstwo Rodziny, Pracy i Polityki Społecznej",,,,,,no_candidate_found,Wikidata niedostępna w tej sesji (wikidata.org zablokowane dla narzędzi) — podpowiedzi nie sprawdzono. Na sprawdzonej oficjalnej stronie brak bezpośredniego linku do osobistego konta X. Sprawdzono: 2026-09-24.
gov.pl/rodzina (kierownictwo),rodzina/malgorzata-baranowska,Małgorzata Baranowska,government,"Podsekretarz Stanu — Ministerstwo Rodziny, Pracy i Polityki Społecznej",,,,,,no_candidate_found,Wikidata niedostępna w tej sesji (wikidata.org zablokowane dla narzędzi) — podpowiedzi nie sprawdzono. Na sprawdzonej oficjalnej stronie brak bezpośredniego linku do osobistego konta X. Sprawdzono: 2026-09-24.
gov.pl/rolnictwo (kierownictwo),rolnictwo/jacek-czerniak,Jacek Czerniak,government,Sekretarz Stanu — Ministerstwo Rolnictwa i Rozwoju Wsi,,,,,,no_candidate_found,Wikidata niedostępna w tej sesji (wikidata.org zablokowane dla narzędzi) — podpowiedzi nie sprawdzono. Na sprawdzonej oficjalnej stronie brak bezpośredniego linku do osobistego konta X. Sprawdzono: 2026-09-24.
gov.pl/rolnictwo (kierownictwo),rolnictwo/adam-nowak,Adam Nowak,government,Podsekretarz Stanu — Ministerstwo Rolnictwa i Rozwoju Wsi,,,,,,no_candidate_found,Wikidata niedostępna w tej sesji (wikidata.org zablokowane dla narzędzi) — podpowiedzi nie sprawdzono. Na sprawdzonej oficjalnej stronie brak bezpośredniego linku do osobistego konta X. Sprawdzono: 2026-09-24.
gov.pl/rolnictwo (kierownictwo),rolnictwo/malgorzata-gromadzka,Małgorzata Gromadzka,government,Sekretarz Stanu — Ministerstwo Rolnictwa i Rozwoju Wsi,,,,,,no_candidate_found,Wikidata niedostępna w tej sesji (wikidata.org zablokowane dla narzędzi) — podpowiedzi nie sprawdzono. Na sprawdzonej oficjalnej stronie brak bezpośredniego linku do osobistego konta X. Sprawdzono: 2026-09-24.
gov.pl/rozwoj-technologia (kierownictwo),rozwoj-technologia/tomasz-lewandowski,Tomasz Lewandowski,government,Podsekretarz stanu — Ministerstwo Rozwoju i Technologii,,,,,,no_candidate_found,Wikidata niedostępna w tej sesji (wikidata.org zablokowane dla narzędzi) — podpowiedzi nie sprawdzono. Na sprawdzonej oficjalnej stronie brak bezpośredniego linku do osobistego konta X. Sprawdzono: 2026-09-24.
gov.pl/rozwoj-technologia (kierownictwo),rozwoj-technologia/michal-jaros,Michał Jaros,government,Sekretarz stanu — Ministerstwo Rozwoju i Technologii,,,,,,no_candidate_found,Wikidata niedostępna w tej sesji (wikidata.org zablokowane dla narzędzi) — podpowiedzi nie sprawdzono. Na sprawdzonej oficjalnej stronie brak bezpośredniego linku do osobistego konta X. Sprawdzono: 2026-09-24.
gov.pl/rozwoj-technologia (kierownictwo),rozwoj-technologia/michal-baranowski,Michał Baranowski,government,Podsekretarz stanu — Ministerstwo Rozwoju i Technologii,,,,,,no_candidate_found,Wikidata niedostępna w tej sesji (wikidata.org zablokowane dla narzędzi) — podpowiedzi nie sprawdzono. Na sprawdzonej oficjalnej stronie brak bezpośredniego linku do osobistego konta X. Sprawdzono: 2026-09-24.
gov.pl/sport (kierownictwo),sport/piotr-borys,Piotr Borys,government,Sekretarz Stanu — Ministerstwo Sportu i Turystyki,,,,,,no_candidate_found,Wikidata niedostępna w tej sesji (wikidata.org zablokowane dla narzędzi) — podpowiedzi nie sprawdzono. Na sprawdzonej oficjalnej stronie brak bezpośredniego linku do osobistego konta X. Sprawdzono: 2026-09-24.
gov.pl/sport (kierownictwo),sport/zaneta-cwalina-sliwowska,Żaneta Cwalina-Śliwowska,government,Sekretarz Stanu — Ministerstwo Sportu i Turystyki,,,,,,no_candidate_found,Wikidata niedostępna w tej sesji (wikidata.org zablokowane dla narzędzi) — podpowiedzi nie sprawdzono. Na sprawdzonej oficjalnej stronie brak bezpośredniego linku do osobistego konta X. Sprawdzono: 2026-09-24.
gov.pl/sport (kierownictwo),sport/ireneusz-ras2,Ireneusz Raś,government,Sekretarz Stanu — Ministerstwo Sportu i Turystyki,,,,,,no_candidate_found,Wikidata niedostępna w tej sesji (wikidata.org zablokowane dla narzędzi) — podpowiedzi nie sprawdzono. Na sprawdzonej oficjalnej stronie brak bezpośredniego linku do osobistego konta X. Sprawdzono: 2026-09-24.
gov.pl/sport (kierownictwo),sport/ireneusz-nalazek,Ireneusz Nalazek,government,Podsekretarz Stanu — Ministerstwo Sportu i Turystyki,,,,,,no_candidate_found,Wikidata niedostępna w tej sesji (wikidata.org zablokowane dla narzędzi) — podpowiedzi nie sprawdzono. Na sprawdzonej oficjalnej stronie brak bezpośredniego linku do osobistego konta X. Sprawdzono: 2026-09-24.
gov.pl/sprawiedliwosc (kierownictwo),sprawiedliwosc/maria-ejchart,Maria Ejchart,government,Podsekretarz Stanu — Ministerstwo Sprawiedliwości,,,,,,no_candidate_found,Wikidata niedostępna w tej sesji (wikidata.org zablokowane dla narzędzi) — podpowiedzi nie sprawdzono. Na sprawdzonej oficjalnej stronie brak bezpośredniego linku do osobistego konta X. Sprawdzono: 2026-09-24.
gov.pl/sprawiedliwosc (kierownictwo),sprawiedliwosc/arkadiusz-myrcha,Arkadiusz Myrcha,government,Sekretarz Stanu — Ministerstwo Sprawiedliwości,,,,,,no_candidate_found,Wikidata niedostępna w tej sesji (wikidata.org zablokowane dla narzędzi) — podpowiedzi nie sprawdzono. Na sprawdzonej oficjalnej stronie brak bezpośredniego linku do osobistego konta X. Sprawdzono: 2026-09-24.
gov.pl/sprawiedliwosc (kierownictwo),sprawiedliwosc/dariusz-mazur,Dariusz Mazur,government,Podsekretarz Stanu — Ministerstwo Sprawiedliwości,,,,,,no_candidate_found,Wikidata niedostępna w tej sesji (wikidata.org zablokowane dla narzędzi) — podpowiedzi nie sprawdzono. Na sprawdzonej oficjalnej stronie brak bezpośredniego linku do osobistego konta X. Sprawdzono: 2026-09-24.
gov.pl/sprawiedliwosc (kierownictwo),sprawiedliwosc/slawomir-palka,Sławomir Pałka,government,Podsekretarz stanu — Ministerstwo Sprawiedliwości,,,,,,no_candidate_found,Wikidata niedostępna w tej sesji (wikidata.org zablokowane dla narzędzi) — podpowiedzi nie sprawdzono. Na sprawdzonej oficjalnej stronie brak bezpośredniego linku do osobistego konta X. Sprawdzono: 2026-09-24.
gov.pl/zdrowie (kierownictwo),zdrowie/katarzyna-anna-kacperczyk,Katarzyna Anna Kacperczyk,government,Podsekretarz Stanu — Ministerstwo Zdrowia,,,,,,no_candidate_found,Wikidata niedostępna w tej sesji (wikidata.org zablokowane dla narzędzi) — podpowiedzi nie sprawdzono. Na sprawdzonej oficjalnej stronie brak bezpośredniego linku do osobistego konta X. Sprawdzono: 2026-09-24.
gov.pl/zdrowie (kierownictwo),zdrowie/katarzyna-kecka,Katarzyna Kęcka,government,Podsekretarz Stanu — Ministerstwo Zdrowia,,,,,,no_candidate_found,Wikidata niedostępna w tej sesji (wikidata.org zablokowane dla narzędzi) — podpowiedzi nie sprawdzono. Na sprawdzonej oficjalnej stronie brak bezpośredniego linku do osobistego konta X. Sprawdzono: 2026-09-24.
gov.pl/zdrowie (kierownictwo),zdrowie/tomasz-maciejewski,Tomasz Maciejewski,government,Podsekretarz Stanu — Ministerstwo Zdrowia,,,,,,no_candidate_found,Wikidata niedostępna w tej sesji (wikidata.org zablokowane dla narzędzi) — podpowiedzi nie sprawdzono. Na sprawdzonej oficjalnej stronie brak bezpośredniego linku do osobistego konta X. Sprawdzono: 2026-09-24.
gov.pl/premier (wojewodowie),wojewoda:dolnośląski,Anna Żabska,government,Wojewoda dolnośląski,,,,,,no_candidate_found,Sprawdzono stronę urzędu wojewódzkiego i kierownictwo: brak osobistego linku X; urząd ma konto instytucjonalne https://twitter.com/WojewodzkiUrzad. Lista KPRM to strona oświadczeń majątkowych — z załączników nie korzystano. Wikidata niedostępna w tej sesji (wikidata.org zablokowane dla narzędzi) — podpowiedzi nie sprawdzono. Sprawdzono: 2026-09-24.
gov.pl/premier (wojewodowie),wojewoda:kujawsko-pomorski,Michał Sztybel,government,Wojewoda kujawsko-pomorski,,,,,,no_candidate_found,Sprawdzono stronę urzędu wojewódzkiego i kierownictwo: brak osobistego linku X; urząd ma konto instytucjonalne https://twitter.com/KPUWBydgoszcz. Lista KPRM to strona oświadczeń majątkowych — z załączników nie korzystano. Wikidata niedostępna w tej sesji (wikidata.org zablokowane dla narzędzi) — podpowiedzi nie sprawdzono. Sprawdzono: 2026-09-24.
gov.pl/premier (wojewodowie),wojewoda:lubelski,Krzysztof Komorski,government,Wojewoda lubelski,,,,,,no_candidate_found,Sprawdzono stronę urzędu wojewódzkiego i kierownictwo: brak osobistego linku X; urząd ma konto instytucjonalne https://twitter.com/LUWLublin. Lista KPRM to strona oświadczeń majątkowych — z załączników nie korzystano. Wikidata niedostępna w tej sesji (wikidata.org zablokowane dla narzędzi) — podpowiedzi nie sprawdzono. Sprawdzono: 2026-09-24.
gov.pl/premier (wojewodowie),wojewoda:lubuski,Marek Jerzy Cebula,government,Wojewoda lubuski,,,,,,no_candidate_found,Sprawdzono stronę urzędu wojewódzkiego i kierownictwo: brak osobistego linku X; urząd ma konto instytucjonalne https://twitter.com/LubuskiUW. Lista KPRM to strona oświadczeń majątkowych — z załączników nie korzystano. Wikidata niedostępna w tej sesji (wikidata.org zablokowane dla narzędzi) — podpowiedzi nie sprawdzono. Sprawdzono: 2026-09-24.
gov.pl/premier (wojewodowie),wojewoda:łódzki,Dorota Helena Ryl,government,Wojewoda łódzki,,,,,,no_candidate_found,Sprawdzono stronę urzędu wojewódzkiego i kierownictwo: brak osobistego linku X. Lista KPRM to strona oświadczeń majątkowych — z załączników nie korzystano. Wikidata niedostępna w tej sesji (wikidata.org zablokowane dla narzędzi) — podpowiedzi nie sprawdzono. Sprawdzono: 2026-09-24.
gov.pl/premier (wojewodowie),wojewoda:małopolski,Krzysztof Jan Klęczar,government,Wojewoda małopolski,,,,,,no_candidate_found,Sprawdzono stronę urzędu wojewódzkiego i kierownictwo: brak osobistego linku X; urząd ma konto instytucjonalne https://twitter.com/Malopolski_UW. Lista KPRM to strona oświadczeń majątkowych — z załączników nie korzystano. Wikidata niedostępna w tej sesji (wikidata.org zablokowane dla narzędzi) — podpowiedzi nie sprawdzono. Sprawdzono: 2026-09-24.
gov.pl/premier (wojewodowie),wojewoda:mazowiecki,Mariusz Rafał Frankowski,government,Wojewoda mazowiecki,,,,,,no_candidate_found,Sprawdzono stronę urzędu wojewódzkiego i kierownictwo: brak osobistego linku X; urząd ma konto instytucjonalne https://twitter.com/muw_rp. Lista KPRM to strona oświadczeń majątkowych — z załączników nie korzystano. Wikidata niedostępna w tej sesji (wikidata.org zablokowane dla narzędzi) — podpowiedzi nie sprawdzono. Sprawdzono: 2026-09-24.
gov.pl/premier (wojewodowie),wojewoda:opolski,Monika Małgorzata Jurek,government,Wojewoda opolski,,,,,,no_candidate_found,Sprawdzono stronę urzędu wojewódzkiego i kierownictwo: brak osobistego linku X. Lista KPRM to strona oświadczeń majątkowych — z załączników nie korzystano. Wikidata niedostępna w tej sesji (wikidata.org zablokowane dla narzędzi) — podpowiedzi nie sprawdzono. Sprawdzono: 2026-09-24.
gov.pl/premier (wojewodowie),wojewoda:podkarpacki,Teresa Kubas-Hul,government,Wojewoda podkarpacki,,,,,,no_candidate_found,Sprawdzono stronę urzędu wojewódzkiego i kierownictwo: brak osobistego linku X. Lista KPRM to strona oświadczeń majątkowych — z załączników nie korzystano. Wikidata niedostępna w tej sesji (wikidata.org zablokowane dla narzędzi) — podpowiedzi nie sprawdzono. Sprawdzono: 2026-09-24.
gov.pl/premier (wojewodowie),wojewoda:podlaski,Jacek Brzozowski,government,Wojewoda podlaski,,,,,,no_candidate_found,Sprawdzono stronę urzędu wojewódzkiego i kierownictwo: brak osobistego linku X; urząd ma konto instytucjonalne https://twitter.com/PodlaskiUW. Lista KPRM to strona oświadczeń majątkowych — z załączników nie korzystano. Wikidata niedostępna w tej sesji (wikidata.org zablokowane dla narzędzi) — podpowiedzi nie sprawdzono. Sprawdzono: 2026-09-24.
gov.pl/premier (wojewodowie),wojewoda:pomorski,Beata Rutkiewicz,government,Wojewoda pomorski,,,,,,no_candidate_found,Sprawdzono stronę urzędu wojewódzkiego i kierownictwo: brak osobistego linku X; urząd ma konto instytucjonalne https://twitter.com/PUW_Gdansk. Lista KPRM to strona oświadczeń majątkowych — z załączników nie korzystano. Wikidata niedostępna w tej sesji (wikidata.org zablokowane dla narzędzi) — podpowiedzi nie sprawdzono. Sprawdzono: 2026-09-24.
gov.pl/premier (wojewodowie),wojewoda:śląski,Marek Wójcik,government,Wojewoda śląski,,,,,,no_candidate_found,Sprawdzono stronę urzędu wojewódzkiego i kierownictwo: brak osobistego linku X; urząd ma konto instytucjonalne https://x.com/SlaskUW. Lista KPRM to strona oświadczeń majątkowych — z załączników nie korzystano. Wikidata niedostępna w tej sesji (wikidata.org zablokowane dla narzędzi) — podpowiedzi nie sprawdzono. Sprawdzono: 2026-09-24.
gov.pl/premier (wojewodowie),wojewoda:świętokrzyski,Józef Bryk,government,Wojewoda świętokrzyski,,,,,,no_candidate_found,Sprawdzono stronę urzędu wojewódzkiego i kierownictwo: brak osobistego linku X. Lista KPRM to strona oświadczeń majątkowych — z załączników nie korzystano. Wikidata niedostępna w tej sesji (wikidata.org zablokowane dla narzędzi) — podpowiedzi nie sprawdzono. Sprawdzono: 2026-09-24.
gov.pl/premier (wojewodowie),wojewoda:warmińsko-mazurski,Radosław Król,government,Wojewoda warmińsko-mazurski,,radoslaw_krol_,,,,candidate_needs_official_evidence,"Podpowiedź: karta „Radosław Król” bez funkcji na psl.pl; strona nie podaje funkcji, więc nie potwierdza, że to ta sama osoba co w rosterze. Sprawdzono stronę urzędu wojewódzkiego i kierownictwo: brak osobistego linku X; urząd ma konto instytucjonalne https://twitter.com/wmuw_olsztyn. Lista KPRM to strona oświadczeń majątkowych — z załączników nie korzystano. Źródło podpowiedzi: https://www.psl.pl/ludowcy/ (https://x.com/radoslaw_krol_). Wikidata niedostępna w tej sesji (wikidata.org zablokowane dla narzędzi) — podpowiedzi nie sprawdzono. Sprawdzono: 2026-09-24."
gov.pl/premier (wojewodowie),wojewoda:wielkopolski,Agata Sobczyk,government,Wojewoda wielkopolski,,,,,,no_candidate_found,Sprawdzono stronę urzędu wojewódzkiego i kierownictwo: brak osobistego linku X; urząd ma konto instytucjonalne http://twitter.com/wuw_poznan. Lista KPRM to strona oświadczeń majątkowych — z załączników nie korzystano. Wikidata niedostępna w tej sesji (wikidata.org zablokowane dla narzędzi) — podpowiedzi nie sprawdzono. Sprawdzono: 2026-09-24.
gov.pl/premier (wojewodowie) | polska2050.pl (Zarząd Krajowy),wojewoda:zachodniopomorski | p2050:adam-rudawski,Adam Rudawski,government,Wojewoda zachodniopomorski; Polska 2050 — II Wiceprzewodniczący Partii,,AdamRudawski,,https://polska2050.pl/nasi-ludzie/,https://twitter.com/AdamRudawski,confirmed_by_official_link,Dowód: karta „Adam Rudawski — II Wiceprzewodniczący Partii” w sekcji Zarząd Krajowy. Role z różnych oficjalnych rosterów połączono po identycznym imieniu i nazwisku — redakcja potwierdza tożsamość przed publikacją. Sprawdzono stronę urzędu wojewódzkiego i kierownictwo: brak osobistego linku X; urząd ma konto instytucjonalne https://twitter.com/zuw_szczecin. Lista KPRM to strona oświadczeń majątkowych — z załączników nie korzystano. Sprawdzono: 2026-09-24.
urząd marszałkowski (dolnośląskie),umwd.dolnyslask.pl/urzad-marszalkowski/zarzad-wojewodztwa/marszalek-wojewodztwa-dolnoslaskiego/,Paweł Gancarz,local,Marszałek Województwa (dolnośląskie),,PawelGancarz,,,,candidate_needs_official_evidence,"Podpowiedź: karta „Paweł Gancarz” bez funkcji na psl.pl; strona nie podaje funkcji, więc nie potwierdza, że to ta sama osoba co w rosterze. Źródło podpowiedzi: https://www.psl.pl/ludowcy/ (https://twitter.com/PawelGancarz). Wikidata niedostępna w tej sesji (wikidata.org zablokowane dla narzędzi) — podpowiedzi nie sprawdzono. Sprawdzono: 2026-09-24."
urząd marszałkowski (kujawsko-pomorskie),kujawsko-pomorskie.pl/zarzad/piotr-calbecki/,Piotr Całbecki,local,Marszałek Województwa (kujawsko-pomorskie),,,,,,no_candidate_found,Strona województwa linkuje konto promocyjne regionu x.com/lubietubyc — nie jest to konto osobiste. Wikidata niedostępna w tej sesji (wikidata.org zablokowane dla narzędzi) — podpowiedzi nie sprawdzono. Na sprawdzonej oficjalnej stronie brak bezpośredniego linku do osobistego konta X. Sprawdzono: 2026-09-24.
urząd marszałkowski (lubelskie),www.lubelskie.pl/zarzad-wojewodztwa/sklad-zarzadu/,Jarosław Stawiarski,local,Marszałek Województwa (lubelskie),,,,,,no_candidate_found,Wikidata niedostępna w tej sesji (wikidata.org zablokowane dla narzędzi) — podpowiedzi nie sprawdzono. Na sprawdzonej oficjalnej stronie brak bezpośredniego linku do osobistego konta X. Sprawdzono: 2026-09-24.
urząd marszałkowski (lubuskie),lubuskie.pl/pracownicy,Sebastian Ciemnoczołowski,local,Marszałek Województwa (lubuskie),,,,,,no_candidate_found,Wikidata niedostępna w tej sesji (wikidata.org zablokowane dla narzędzi) — podpowiedzi nie sprawdzono. Na sprawdzonej oficjalnej stronie brak bezpośredniego linku do osobistego konta X. Sprawdzono: 2026-09-24.
urząd marszałkowski (łódzkie),www.lodzkie.pl/zarzad/sklad-zarzadu,Joanna Skrzydlewska,local,Marszałek Województwa (łódzkie),,,,,,no_candidate_found,Wikidata niedostępna w tej sesji (wikidata.org zablokowane dla narzędzi) — podpowiedzi nie sprawdzono. Na sprawdzonej oficjalnej stronie brak bezpośredniego linku do osobistego konta X. Sprawdzono: 2026-09-24.
urząd marszałkowski (małopolskie),www.malopolska.pl/czlonkowie-zarzadu,Łukasz Smółka,local,Marszałek Województwa (małopolskie),,,,,,no_candidate_found,Wikidata niedostępna w tej sesji (wikidata.org zablokowane dla narzędzi) — podpowiedzi nie sprawdzono. Na sprawdzonej oficjalnej stronie brak bezpośredniego linku do osobistego konta X. Sprawdzono: 2026-09-24.
urząd marszałkowski (mazowieckie) | psl.pl (Ludowcy),mazovia.pl/pl/samorzad/zarzad/sklad-zarzadu/ | psl:adam-struzik,Adam Struzik,local,Marszałek Województwa (mazowieckie); PSL — Wiceprezes NKW PSL,,StruzikAdam,,https://www.psl.pl/ludowcy/,https://twitter.com/StruzikAdam,confirmed_by_official_link,Dowód: karta „Adam Struzik — WICEPREZES NKW PSL” na psl.pl. Role z różnych oficjalnych rosterów połączono po identycznym imieniu i nazwisku — redakcja potwierdza tożsamość przed publikacją. Sprawdzono: 2026-09-24.
urząd marszałkowski (opolskie),bip.opolskie.pl/2024/08/szymon-oglaza-marszalek-wojewodztwa-opolskiego-kadencja-vii-2024-2029/,Szymon Ogłaza,local,Marszałek Województwa (opolskie),,,,,,no_candidate_found,Wikidata niedostępna w tej sesji (wikidata.org zablokowane dla narzędzi) — podpowiedzi nie sprawdzono. Na sprawdzonej oficjalnej stronie brak bezpośredniego linku do osobistego konta X. Sprawdzono: 2026-09-24.
urząd marszałkowski (podkarpackie),podkarpackie.pl/index.php/samorzad/zarzad/marszalek-wojewodztwa,Władysław Ortyl,local,Marszałek Województwa (podkarpackie),,,,,,no_candidate_found,Wikidata niedostępna w tej sesji (wikidata.org zablokowane dla narzędzi) — podpowiedzi nie sprawdzono. Na sprawdzonej oficjalnej stronie brak bezpośredniego linku do osobistego konta X. Sprawdzono: 2026-09-24.
urząd marszałkowski (pomorskie),"bip.pomorskie.eu/m,38,sklad-zarzadu.html",Mieczysław Struk,local,Marszałek Województwa (pomorskie),,,,,,no_candidate_found,Wikidata niedostępna w tej sesji (wikidata.org zablokowane dla narzędzi) — podpowiedzi nie sprawdzono. Na sprawdzonej oficjalnej stronie brak bezpośredniego linku do osobistego konta X. Sprawdzono: 2026-09-24.
urząd marszałkowski (śląskie),zarzad.slaskie.pl/pl/sklad-zarzadu/zarzad-wojewodztwa-7-kadencji.html,Wojciech Saługa,local,Marszałek Województwa (śląskie),,,,,,no_candidate_found,Wikidata niedostępna w tej sesji (wikidata.org zablokowane dla narzędzi) — podpowiedzi nie sprawdzono. Na sprawdzonej oficjalnej stronie brak bezpośredniego linku do osobistego konta X. Sprawdzono: 2026-09-24.
urząd marszałkowski (świętokrzyskie),www.swietokrzyskie.pro/category/samorzad/zarzad-wojewodztwa/sklad-zarzadu-wojewodztwa/,Renata Janik,local,Marszałek Województwa (świętokrzyskie),,,,,,no_candidate_found,Wikidata niedostępna w tej sesji (wikidata.org zablokowane dla narzędzi) — podpowiedzi nie sprawdzono. Na sprawdzonej oficjalnej stronie brak bezpośredniego linku do osobistego konta X. Sprawdzono: 2026-09-24.
urząd marszałkowski (warmińsko-mazurskie),warmia.mazury.pl/wladze-wojewodztwa/zarzad-wojewodztwa-warminsko-mazurskiego,Marcin Kuchciński,local,Marszałek Województwa (warmińsko-mazurskie),,,,,,no_candidate_found,Wikidata niedostępna w tej sesji (wikidata.org zablokowane dla narzędzi) — podpowiedzi nie sprawdzono. Na sprawdzonej oficjalnej stronie brak bezpośredniego linku do osobistego konta X. Sprawdzono: 2026-09-24.
urząd marszałkowski (wielkopolskie),www.umww.pl/sklad-zarzadu,Marek Woźniak,local,Marszałek Województwa (wielkopolskie),,,,,,no_candidate_found,Wikidata niedostępna w tej sesji (wikidata.org zablokowane dla narzędzi) — podpowiedzi nie sprawdzono. Na sprawdzonej oficjalnej stronie brak bezpośredniego linku do osobistego konta X. Sprawdzono: 2026-09-24.
urząd marszałkowski (zachodniopomorskie),bip.wzp.pl/artykul/marszalek-wojewodztwa-zachodniopomorskiego,Olgierd Geblewicz,local,Marszałek Województwa (zachodniopomorskie),,,,,,no_candidate_found,Wikidata niedostępna w tej sesji (wikidata.org zablokowane dla narzędzi) — podpowiedzi nie sprawdzono. Na sprawdzonej oficjalnej stronie brak bezpośredniego linku do osobistego konta X. Sprawdzono: 2026-09-24.
urząd miasta (Warszawa) | platforma.org (Ludzie),um.warszawa.pl/prezydent-warszawy | po:rafał-trzaskowski,Rafał Trzaskowski,local,Prezydent m.st. Warszawy; Platforma Obywatelska — Wiceprzewodniczący,,,,,,no_candidate_found,Role z różnych oficjalnych rosterów połączono po identycznym imieniu i nazwisku — redakcja potwierdza tożsamość przed publikacją. Profil na platforma.org linkuje tylko konto partii (twitter.com/Platforma_org). Wikidata niedostępna w tej sesji (wikidata.org zablokowane dla narzędzi) — podpowiedzi nie sprawdzono. Sprawdzono: 2026-09-24.
urząd miasta (Kraków),"www.krakow.pl/nasze_miasto/1116,artykul,prezydent_miasta_krakowa.html",Aleksander Miszalski,local,Prezydent Miasta Krakowa,,,,,,no_candidate_found,Wikidata niedostępna w tej sesji (wikidata.org zablokowane dla narzędzi) — podpowiedzi nie sprawdzono. Na sprawdzonej oficjalnej stronie brak bezpośredniego linku do osobistego konta X. Sprawdzono: 2026-09-24.
urząd miasta (Wrocław),www.wroclaw.pl/prezydent-wroclawia/,Jacek Sutryk,local,Prezydent Wrocławia,,sutrykjacek,,https://www.wroclaw.pl/,https://twitter.com/sutrykjacek,confirmed_by_official_link,Dowód: blok „Strona twitter prezydenta Wrocławia Jacka Sutryka” na wroclaw.pl. Sprawdzono: 2026-09-24.
urząd miasta (Łódź),uml.lodz.pl/urzad-miasta-lodzi/prezydent-i-wiceprezydenci/prezydent-miasta/,Hanna Zdanowska,local,Prezydent Miasta Łodzi,,,,,,no_candidate_found,Wikidata niedostępna w tej sesji (wikidata.org zablokowane dla narzędzi) — podpowiedzi nie sprawdzono. Na sprawdzonej oficjalnej stronie brak bezpośredniego linku do osobistego konta X. Sprawdzono: 2026-09-24.
urząd miasta (Poznań),bip.poznan.pl/bip/prezydent-i-zastepcy/,Jacek Jaśkowiak,local,Prezydent Miasta Poznania,,,,,,no_candidate_found,Wikidata niedostępna w tej sesji (wikidata.org zablokowane dla narzędzi) — podpowiedzi nie sprawdzono. Na sprawdzonej oficjalnej stronie brak bezpośredniego linku do osobistego konta X. Sprawdzono: 2026-09-24.
urząd miasta (Gdańsk),www.gdansk.pl/prezydent-miasta-gdanska,Aleksandra Dulkiewicz,local,Prezydent Miasta Gdańska,,,,,,no_candidate_found,Wikidata niedostępna w tej sesji (wikidata.org zablokowane dla narzędzi) — podpowiedzi nie sprawdzono. Na sprawdzonej oficjalnej stronie brak bezpośredniego linku do osobistego konta X. Sprawdzono: 2026-09-24.
urząd miasta (Szczecin),szczecin.eu/pl/prezydent,Piotr Krzystek,local,Prezydent Szczecina,,,,,,no_candidate_found,Wikidata niedostępna w tej sesji (wikidata.org zablokowane dla narzędzi) — podpowiedzi nie sprawdzono. Na sprawdzonej oficjalnej stronie brak bezpośredniego linku do osobistego konta X. Sprawdzono: 2026-09-24.
urząd miasta (Bydgoszcz),www.bydgoszcz.pl/miasto/samorzad/prezydent-miasta/,Rafał Bruski,local,Prezydent Miasta Bydgoszczy,,RafalBruski,,https://www.bydgoszcz.pl/miasto/samorzad/prezydent-miasta/,http://www.twitter.com/RafalBruski,confirmed_by_official_link,Dowód: sekcja „Oficjalne profile Rafała Bruskiego”. Link na stronie ma postać http://www.twitter.com/… (dawna domena X). Sprawdzono: 2026-09-24.
urząd miasta (Lublin),lublin.eu/prezydent-miasta-lublin/,Krzysztof Żuk,local,Prezydent Miasta Lublin,,,,,,no_candidate_found,"Strona lublin.eu linkuje osobisty Facebook prezydenta, ale nie X; konto X w stopce to konto miasta. Wikidata niedostępna w tej sesji (wikidata.org zablokowane dla narzędzi) — podpowiedzi nie sprawdzono. Na sprawdzonej oficjalnej stronie brak bezpośredniego linku do osobistego konta X. Sprawdzono: 2026-09-24."
urząd miasta (Białystok),www.bialystok.pl/pl/dla_mieszkancow/samorzad/prezydent_miasta/tadeusz-truskolaski.html,Tadeusz Truskolaski,local,Prezydent Miasta Białegostoku,,,,,,no_candidate_found,Wikidata niedostępna w tej sesji (wikidata.org zablokowane dla narzędzi) — podpowiedzi nie sprawdzono. Na sprawdzonej oficjalnej stronie brak bezpośredniego linku do osobistego konta X. Sprawdzono: 2026-09-24.
urząd miasta (Katowice),katowice.eu/dla-mieszkanca/wladze-miasta/prezydent-miasta,Marcin Krupa,local,Prezydent Miasta Katowice,,,,,,no_candidate_found,Wikidata niedostępna w tej sesji (wikidata.org zablokowane dla narzędzi) — podpowiedzi nie sprawdzono. Na sprawdzonej oficjalnej stronie brak bezpośredniego linku do osobistego konta X. Sprawdzono: 2026-09-24.
urząd miasta (Rzeszów),erzeszow.pl/41-miasto-rzeszow/1740-prezydent-zastepcy-sekretarz-skarbnik-pelnomocnicy-koordynatorzy/28218-konrad-fijolek.html,Konrad Fijołek,local,Prezydent Miasta Rzeszowa,,,,,,no_candidate_found,Wikidata niedostępna w tej sesji (wikidata.org zablokowane dla narzędzi) — podpowiedzi nie sprawdzono. Na sprawdzonej oficjalnej stronie brak bezpośredniego linku do osobistego konta X. Sprawdzono: 2026-09-24.
urząd miasta (Toruń),bip.torun.pl/artykul/3/56915/prezydent-miasta-torunia-pawel-gulewski,Paweł Gulewski,local,Prezydent Miasta Torunia,,,,,,no_candidate_found,Wikidata niedostępna w tej sesji (wikidata.org zablokowane dla narzędzi) — podpowiedzi nie sprawdzono. Na sprawdzonej oficjalnej stronie brak bezpośredniego linku do osobistego konta X. Sprawdzono: 2026-09-24.
urząd miasta (Kielce),www.kielce.eu/pl/dla-mieszkanca/samorzad/wladze-miasta/agata-wojda.html,Agata Wojda,local,Prezydent Miasta Kielce,,,,,,no_candidate_found,Wikidata niedostępna w tej sesji (wikidata.org zablokowane dla narzędzi) — podpowiedzi nie sprawdzono. Na sprawdzonej oficjalnej stronie brak bezpośredniego linku do osobistego konta X. Sprawdzono: 2026-09-24.
urząd miasta (Olsztyn),olsztyn.eu/urzad-miasta/wladze-miasta/prezydent-olsztyna.html,Robert Szewczyk,local,Prezydent Olsztyna,,,,,,no_candidate_found,Wikidata niedostępna w tej sesji (wikidata.org zablokowane dla narzędzi) — podpowiedzi nie sprawdzono. Na sprawdzonej oficjalnej stronie brak bezpośredniego linku do osobistego konta X. Sprawdzono: 2026-09-24.
urząd miasta (Opole),www.opole.pl/en/dla-mieszkanca/arkadiusz-wisniewski-mayor-opole,Arkadiusz Wiśniewski,local,Prezydent Miasta Opola,,,,,,no_candidate_found,Wikidata niedostępna w tej sesji (wikidata.org zablokowane dla narzędzi) — podpowiedzi nie sprawdzono. Na sprawdzonej oficjalnej stronie brak bezpośredniego linku do osobistego konta X. Sprawdzono: 2026-09-24.
urząd miasta (Gorzów Wielkopolski),um.gorzow.pl/wladze-miasta.html,Jacek Piotr Wójcicki,local,Prezydent Miasta Gorzowa Wielkopolskiego,,,,,,no_candidate_found,Wikidata niedostępna w tej sesji (wikidata.org zablokowane dla narzędzi) — podpowiedzi nie sprawdzono. Na sprawdzonej oficjalnej stronie brak bezpośredniego linku do osobistego konta X. Sprawdzono: 2026-09-24.
urząd miasta (Zielona Góra),www.zielona-gora.pl/wladze-miasta/prezydent-miasta/,Marcin Pabierowski,local,Prezydent Miasta Zielona Góra,,,,,,no_candidate_found,Wikidata niedostępna w tej sesji (wikidata.org zablokowane dla narzędzi) — podpowiedzi nie sprawdzono. Na sprawdzonej oficjalnej stronie brak bezpośredniego linku do osobistego konta X. Sprawdzono: 2026-09-24.
urząd miasta (Gdynia),"www.gdynia.pl/dla-mediow/kolegium-prezydenta-2,4125/aleksandra-kosiorek-prezydent-miasta-gdyni,581936",Aleksandra Kosiorek,local,Prezydent Miasta Gdyni,,,,,,no_candidate_found,Wikidata niedostępna w tej sesji (wikidata.org zablokowane dla narzędzi) — podpowiedzi nie sprawdzono. Na sprawdzonej oficjalnej stronie brak bezpośredniego linku do osobistego konta X. Sprawdzono: 2026-09-24.
urząd miasta (Częstochowa),bip.czestochowa.pl/artykul/71368/1144538/prezydent-miasta,Zdzisław Wolski,local,Pierwszy Zastępca Prezydenta Miasta Częstochowy wykonujący zadania i kompetencje Prezydenta (od 03.03.2026),,,,,,no_candidate_found,"Strona BIP wymienia Krzysztofa Matyjaszczyka jako prezydenta, ale wskazuje, że od 03.03.2026 zadania prezydenta wykonuje Z. Wolski. Wikidata niedostępna w tej sesji (wikidata.org zablokowane dla narzędzi) — podpowiedzi nie sprawdzono. Na sprawdzonej oficjalnej stronie brak bezpośredniego linku do osobistego konta X. Sprawdzono: 2026-09-24."
urząd miasta (Radom),www.radom.pl/o-miescie/wladze-miasta/prez/,Radosław Witkowski,local,Prezydent Miasta Radomia,,,,,,no_candidate_found,Wikidata niedostępna w tej sesji (wikidata.org zablokowane dla narzędzi) — podpowiedzi nie sprawdzono. Na sprawdzonej oficjalnej stronie brak bezpośredniego linku do osobistego konta X. Sprawdzono: 2026-09-24.
nbp.pl (Zarząd NBP),nbp.pl/o-nbp/zarzad-nbp/adam-glapinski/,Adam Glapiński,government,Prezes Narodowego Banku Polskiego,,,,,,no_candidate_found,Strona instytucji nie linkuje osobistego konta X; linkuje konto instytucji x.com/nbppl. Wikidata niedostępna w tej sesji (wikidata.org zablokowane dla narzędzi) — podpowiedzi nie sprawdzono. Sprawdzono: 2026-09-24.
nik.gov.pl (Kierownictwo NIK),nik.gov.pl/o-nik/kierownictwo-nik/mariusz-haladyj.html,Mariusz Haładyj,government,Prezes Najwyższej Izby Kontroli,,,,,,no_candidate_found,Strona instytucji nie linkuje osobistego konta X; linkuje konto instytucji x.com/NIKgovPL. Wikidata niedostępna w tej sesji (wikidata.org zablokowane dla narzędzi) — podpowiedzi nie sprawdzono. Sprawdzono: 2026-09-24.
bip.brpo.gov.pl,bip.brpo.gov.pl/pl/osoba/sylwia-gregorczyk-abram-rpo-ix-kadencji,Sylwia Gregorczyk-Abram,government,Rzecznik Praw Obywatelskich (IX kadencja),,,,,,no_candidate_found,Strona instytucji nie linkuje osobistego konta X; linkuje konto instytucji x.com/BiuroRPO. Wikidata niedostępna w tej sesji (wikidata.org zablokowane dla narzędzi) — podpowiedzi nie sprawdzono. Sprawdzono: 2026-09-24.
pkw.gov.pl (Skład PKW),pkw.gov.pl/organy-wyborcze/sklad-pkw,Sylwester Marciniak,government,Przewodniczący Państwowej Komisji Wyborczej,,,,,,no_candidate_found,Strona instytucji nie linkuje osobistego konta X; linkuje konto instytucji twitter.com/PanstwKomWyb. Wikidata niedostępna w tej sesji (wikidata.org zablokowane dla narzędzi) — podpowiedzi nie sprawdzono. Sprawdzono: 2026-09-24.
gov.pl/krrit (Członkowie KRRiT),krrit/dr-agnieszka-glapiak,Agnieszka Glapiak,government,Przewodnicząca Krajowej Rady Radiofonii i Telewizji,,,,,,no_candidate_found,Strona instytucji nie linkuje osobistego konta X. Wikidata niedostępna w tej sesji (wikidata.org zablokowane dla narzędzi) — podpowiedzi nie sprawdzono. Sprawdzono: 2026-09-24.
uokik.gov.pl (Kierownictwo),uokik.gov.pl/kierownictwo,Tomasz Chróstny,government,Prezes Urzędu Ochrony Konkurencji i Konsumentów,,,,,,no_candidate_found,Strona instytucji nie linkuje osobistego konta X; linkuje konto instytucji x.com/UOKiKgovPL. Wikidata niedostępna w tej sesji (wikidata.org zablokowane dla narzędzi) — podpowiedzi nie sprawdzono. Sprawdzono: 2026-09-24.
knf.gov.pl,knf.gov.pl/o_nas/komisja?articleId=63858,Jacek Jastrzębski,government,Przewodniczący Komisji Nadzoru Finansowego,,,,,,no_candidate_found,Strona instytucji nie linkuje osobistego konta X; linkuje konto instytucji x.com/uknf. Wikidata niedostępna w tej sesji (wikidata.org zablokowane dla narzędzi) — podpowiedzi nie sprawdzono. Sprawdzono: 2026-09-24.
"europarl open data (show-current, PL) | pis.org.pl (Prezydium Partii)",257073 | pis:tobiasz_bochenski,Tobiasz Bocheński,european,Poseł do Parlamentu Europejskiego; PiS — członek Prezydium Partii (strona nie wskazuje funkcji wiceprezesa),,tabochenski,,https://data.europarl.europa.eu/api/v2/meps/257073?format=application%2Fld%2Bjson,https://x.com/tabochenski?s=21,confirmed_by_official_link,Dowód: pole OnlineAccount (typ TWT) w oficjalnym rekordzie posła w danych otwartych PE. Role z różnych oficjalnych rosterów połączono po identycznym imieniu i nazwisku — redakcja potwierdza tożsamość przed publikacją. Ten sam adres potwierdza też: https://pis.org.pl/osoba/tobiasz_bochenski/ (widżet mediów społecznościowych na profilu osoby w pis.org.pl). Sprawdzono: 2026-09-24.
"europarl open data (show-current, PL)",257052,Maciej Wąsik,european,Poseł do Parlamentu Europejskiego,,,,,,no_candidate_found,Oficjalny rekord PE nie zawiera konta X. Wikidata niedostępna w tej sesji (wikidata.org zablokowane dla narzędzi) — podpowiedzi nie sprawdzono. Sprawdzono: 2026-09-24.
"europarl open data (show-current, PL)",257062,Stanisław Tyszka,european,Poseł do Parlamentu Europejskiego,,,,,,no_candidate_found,Oficjalny rekord PE nie zawiera konta X. Wikidata niedostępna w tej sesji (wikidata.org zablokowane dla narzędzi) — podpowiedzi nie sprawdzono. Sprawdzono: 2026-09-24.
"europarl open data (show-current, PL)",257055,Małgorzata Gosiewska,european,Poseł do Parlamentu Europejskiego,,,,,,no_candidate_found,Oficjalny rekord PE nie zawiera konta X. Wikidata niedostępna w tej sesji (wikidata.org zablokowane dla narzędzi) — podpowiedzi nie sprawdzono. Sprawdzono: 2026-09-24.
"europarl open data (show-current, PL)",257072,Tomasz Buczek,european,Poseł do Parlamentu Europejskiego,,,,,,no_candidate_found,Oficjalny rekord PE nie zawiera konta X. Wikidata niedostępna w tej sesji (wikidata.org zablokowane dla narzędzi) — podpowiedzi nie sprawdzono. Sprawdzono: 2026-09-24.
"europarl open data (show-current, PL)",99878,Waldemar Buda,european,Poseł do Parlamentu Europejskiego,,,,,,no_candidate_found,Oficjalny rekord PE nie zawiera konta X. Wikidata niedostępna w tej sesji (wikidata.org zablokowane dla narzędzi) — podpowiedzi nie sprawdzono. Sprawdzono: 2026-09-24.
"europarl open data (show-current, PL)",257056,Mariusz Kamiński,european,Poseł do Parlamentu Europejskiego,,,,,,no_candidate_found,Oficjalny rekord PE nie zawiera konta X. Wikidata niedostępna w tej sesji (wikidata.org zablokowane dla narzędzi) — podpowiedzi nie sprawdzono. Sprawdzono: 2026-09-24.
"europarl open data (show-current, PL) | pis.org.pl (Prezydium Partii)",197501 | pis:joachim_brudzinski,Joachim Stanisław Brudziński,european,Poseł do Parlamentu Europejskiego; PiS — członek Prezydium Partii (strona nie wskazuje funkcji wiceprezesa),,jbrudzinski,,https://data.europarl.europa.eu/api/v2/meps/197501?format=application%2Fld%2Bjson,https://twitter.com/jbrudzinski,confirmed_by_official_link,Dowód: pole OnlineAccount (typ TWT) w oficjalnym rekordzie posła w danych otwartych PE. Połączono z wpisem pis.org.pl „Joachim Brudziński” (bez drugiego imienia): oba oficjalne źródła linkują twitter.com/jbrudzinski — tożsamość do potwierdzenia redakcji. Ten sam adres potwierdza też: https://pis.org.pl/osoba/joachim_brudzinski/ (widżet mediów społecznościowych na profilu osoby w pis.org.pl). Sprawdzono: 2026-09-24.
"europarl open data (show-current, PL)",257051,Andrzej Buła,european,Poseł do Parlamentu Europejskiego,,Andrzej_Bula,,https://data.europarl.europa.eu/api/v2/meps/257051?format=application%2Fld%2Bjson,https://x.com/Andrzej_Bula,confirmed_by_official_link,Dowód: pole OnlineAccount (typ TWT) w oficjalnym rekordzie posła w danych otwartych PE. Sprawdzono: 2026-09-24.
"europarl open data (show-current, PL)",23788,Adam Bielan,european,Poseł do Parlamentu Europejskiego,,AdamBielan,,https://data.europarl.europa.eu/api/v2/meps/23788?format=application%2Fld%2Bjson,http://twitter.com/AdamBielan,confirmed_by_official_link,Dowód: pole OnlineAccount (typ TWT) w oficjalnym rekordzie posła w danych otwartych PE. Sprawdzono: 2026-09-24.
"europarl open data (show-current, PL)",257080,Piotr Müller,european,Poseł do Parlamentu Europejskiego,,PiotrMuller,,https://data.europarl.europa.eu/api/v2/meps/257080?format=application%2Fld%2Bjson,https://twitter.com/PiotrMuller,confirmed_by_official_link,Dowód: pole OnlineAccount (typ TWT) w oficjalnym rekordzie posła w danych otwartych PE. Sprawdzono: 2026-09-24.
"europarl open data (show-current, PL) | pis.org.pl (Prezydium Partii)",197516 | pis:patryk_jaki,Patryk Jaki,european,Poseł do Parlamentu Europejskiego; PiS — członek Prezydium Partii (strona nie wskazuje funkcji wiceprezesa),,PatrykJaki,,https://pis.org.pl/osoba/patryk_jaki/,https://x.com/PatrykJaki,confirmed_by_official_link,Dowód: widżet mediów społecznościowych na profilu osoby w pis.org.pl. Role z różnych oficjalnych rosterów połączono po identycznym imieniu i nazwisku — redakcja potwierdza tożsamość przed publikacją. Oficjalny rekord PE nie zawiera konta X. Sprawdzono: 2026-09-24.
"europarl open data (show-current, PL)",257041,Jacek Protas,european,Poseł do Parlamentu Europejskiego,,jacek_protas,,https://data.europarl.europa.eu/api/v2/meps/257041?format=application%2Fld%2Bjson,https://x.com/jacek_protas,confirmed_by_official_link,Dowód: pole OnlineAccount (typ TWT) w oficjalnym rekordzie posła w danych otwartych PE. Sprawdzono: 2026-09-24.
"europarl open data (show-current, PL)",124893,Bogdan Andrzej Zdrojewski,european,Poseł do Parlamentu Europejskiego,,BZdrojewski,,https://data.europarl.europa.eu/api/v2/meps/124893?format=application%2Fld%2Bjson,https://x.com/BZdrojewski,confirmed_by_official_link,Dowód: pole OnlineAccount (typ TWT) w oficjalnym rekordzie posła w danych otwartych PE. Sprawdzono: 2026-09-24.
"europarl open data (show-current, PL)",257069,Ewa Zajączkowska-Hernik,european,Poseł do Parlamentu Europejskiego,,EwaZajaczkowska,,https://data.europarl.europa.eu/api/v2/meps/257069?format=application%2Fld%2Bjson,https://twitter.com/EwaZajaczkowska,confirmed_by_official_link,Dowód: pole OnlineAccount (typ TWT) w oficjalnym rekordzie posła w danych otwartych PE. Sprawdzono: 2026-09-24.
"europarl open data (show-current, PL) | lewica.org.pl (Zarząd krajowy)",257084 | lewica:joanna-scheuring-wielgus,Joanna Scheuring-Wielgus,european,Poseł do Parlamentu Europejskiego; Nowa Lewica — Wiceprzewodnicząca,,joankasw,,https://data.europarl.europa.eu/api/v2/meps/257084?format=application%2Fld%2Bjson,https://x.com/joankasw,confirmed_by_official_link,Dowód: pole OnlineAccount (typ TWT) w oficjalnym rekordzie posła w danych otwartych PE. Role z różnych oficjalnych rosterów połączono po identycznym imieniu i nazwisku — redakcja potwierdza tożsamość przed publikacją. Ten sam adres potwierdza też: https://lewica.org.pl/o-nas/wladze-i-kadra/ (blok „Social media” przy karcie „Joanna Scheuring-Wielgus — Wiceprzewodnicząca”). Sprawdzono: 2026-09-24.
"europarl open data (show-current, PL)",257046,Marta Wcisło,european,Poseł do Parlamentu Europejskiego,,WcisloMarta123,,https://data.europarl.europa.eu/api/v2/meps/257046?format=application%2Fld%2Bjson,https://x.com/WcisloMarta123,confirmed_by_official_link,Dowód: pole OnlineAccount (typ TWT) w oficjalnym rekordzie posła w danych otwartych PE. Sprawdzono: 2026-09-24.
"europarl open data (show-current, PL)",96791,Elżbieta Katarzyna Łukacijewska,european,Poseł do Parlamentu Europejskiego,,elukacijewska,,https://data.europarl.europa.eu/api/v2/meps/96791?format=application%2Fld%2Bjson,https://twitter.com/elukacijewska,confirmed_by_official_link,Dowód: pole OnlineAccount (typ TWT) w oficjalnym rekordzie posła w danych otwartych PE. Sprawdzono: 2026-09-24.
"europarl open data (show-current, PL)",204346,Dominik Tarczyński,european,Poseł do Parlamentu Europejskiego,,d_tarczynski,,https://data.europarl.europa.eu/api/v2/meps/204346?format=application%2Fld%2Bjson,https://twitter.com/d_tarczynski,confirmed_by_official_link,Dowód: pole OnlineAccount (typ TWT) w oficjalnym rekordzie posła w danych otwartych PE. Sprawdzono: 2026-09-24.
"europarl open data (show-current, PL)",124877,Jadwiga Wiśniewska,european,Poseł do Parlamentu Europejskiego,,j_wisniewska,,https://data.europarl.europa.eu/api/v2/meps/124877?format=application%2Fld%2Bjson,https://twitter.com/j_wisniewska,confirmed_by_official_link,Dowód: pole OnlineAccount (typ TWT) w oficjalnym rekordzie posła w danych otwartych PE. Sprawdzono: 2026-09-24.
"europarl open data (show-current, PL) | konfederacjakoronypolskiej.pl (Prezydium)",257067 | kkp:grzegorz-braun,Grzegorz Braun,european,Poseł do Parlamentu Europejskiego; Konfederacja Korony Polskiej — Prezes,,,,,,no_candidate_found,Role z różnych oficjalnych rosterów połączono po identycznym imieniu i nazwisku — redakcja potwierdza tożsamość przed publikacją. Oficjalny rekord PE nie zawiera konta X. Strona prezydium KKP linkuje tylko konto partii (twitter.com/koronypolskiej). Wikidata niedostępna w tej sesji (wikidata.org zablokowane dla narzędzi) — podpowiedzi nie sprawdzono. Sprawdzono: 2026-09-24.
"europarl open data (show-current, PL)",257060,Arkadiusz Mularczyk,european,Poseł do Parlamentu Europejskiego,,arekmularczyk,,https://data.europarl.europa.eu/api/v2/meps/257060?format=application%2Fld%2Bjson,https://x.com/arekmularczyk?lang=en,confirmed_by_official_link,Dowód: pole OnlineAccount (typ TWT) w oficjalnym rekordzie posła w danych otwartych PE. Sprawdzono: 2026-09-24.
"europarl open data (show-current, PL)",257085,Krzysztof Śmiszek,european,Poseł do Parlamentu Europejskiego,,,,,,no_candidate_found,Oficjalny rekord PE nie zawiera konta X. Wikidata niedostępna w tej sesji (wikidata.org zablokowane dla narzędzi) — podpowiedzi nie sprawdzono. Sprawdzono: 2026-09-24.
"europarl open data (show-current, PL)",257037,Michał Kobosko,european,Poseł do Parlamentu Europejskiego,,michalkobosko,,https://data.europarl.europa.eu/api/v2/meps/257037?format=application%2Fld%2Bjson,https://x.com/michalkobosko,confirmed_by_official_link,Dowód: pole OnlineAccount (typ TWT) w oficjalnym rekordzie posła w danych otwartych PE. Sprawdzono: 2026-09-24.
"europarl open data (show-current, PL)",262021,Hanna Gronkiewicz-Waltz,european,Poseł do Parlamentu Europejskiego,,hannagw,,https://data.europarl.europa.eu/api/v2/meps/262021?format=application%2Fld%2Bjson,https://x.com/hannagw?s=11&t=Q-iU1K13ceOhY2t2L2kWRQ,confirmed_by_official_link,Dowód: pole OnlineAccount (typ TWT) w oficjalnym rekordzie posła w danych otwartych PE. Sprawdzono: 2026-09-24.
"europarl open data (show-current, PL)",23781,Janusz Lewandowski,european,Poseł do Parlamentu Europejskiego,,J_Lewandowski,,https://data.europarl.europa.eu/api/v2/meps/23781?format=application%2Fld%2Bjson,https://twitter.com/J_Lewandowski,confirmed_by_official_link,Dowód: pole OnlineAccount (typ TWT) w oficjalnym rekordzie posła w danych otwartych PE. Sprawdzono: 2026-09-24.
"europarl open data (show-current, PL) | platforma.org (Ludzie)",197492 | po:bartosz-arłukowicz,Bartosz Arłukowicz,european,Poseł do Parlamentu Europejskiego; Platforma Obywatelska — Wiceprzewodniczący,,Arlukowicz,,https://data.europarl.europa.eu/api/v2/meps/197492?format=application%2Fld%2Bjson,https://x.com/Arlukowicz,confirmed_by_official_link,Dowód: pole OnlineAccount (typ TWT) w oficjalnym rekordzie posła w danych otwartych PE. Role z różnych oficjalnych rosterów połączono po identycznym imieniu i nazwisku — redakcja potwierdza tożsamość przed publikacją. Profil na platforma.org linkuje tylko konto partii (twitter.com/Platforma_org). Sprawdzono: 2026-09-24.
"europarl open data (show-current, PL)",257026,Michał Szczerba,european,Poseł do Parlamentu Europejskiego,,michalszczerba,,https://data.europarl.europa.eu/api/v2/meps/257026?format=application%2Fld%2Bjson,https://x.com/michalszczerba,confirmed_by_official_link,Dowód: pole OnlineAccount (typ TWT) w oficjalnym rekordzie posła w danych otwartych PE. Sprawdzono: 2026-09-24.
"europarl open data (show-current, PL)",257045,Michał Wawrykiewicz,european,Poseł do Parlamentu Europejskiego,,micwawrykiewicz,,https://data.europarl.europa.eu/api/v2/meps/257045?format=application%2Fld%2Bjson,https://x.com/micwawrykiewicz?lang=en,confirmed_by_official_link,Dowód: pole OnlineAccount (typ TWT) w oficjalnym rekordzie posła w danych otwartych PE. Sprawdzono: 2026-09-24.
"europarl open data (show-current, PL) | pis.org.pl (Prezydium Partii)",197553 | pis:beata_szydlo_1,Beata Szydło,european,Poseł do Parlamentu Europejskiego; PiS — członek Prezydium Partii (strona nie wskazuje funkcji wiceprezesa),,BeataSzydlo,,https://data.europarl.europa.eu/api/v2/meps/197553?format=application%2Fld%2Bjson,https://twitter.com/BeataSzydlo,confirmed_by_official_link,Dowód: pole OnlineAccount (typ TWT) w oficjalnym rekordzie posła w danych otwartych PE. Role z różnych oficjalnych rosterów połączono po identycznym imieniu i nazwisku — redakcja potwierdza tożsamość przed publikacją. Ten sam adres potwierdza też: https://pis.org.pl/osoba/beata_szydlo_1/ (widżet mediów społecznościowych na profilu osoby w pis.org.pl). Sprawdzono: 2026-09-24.
"europarl open data (show-current, PL)",257031,Dariusz Joński,european,Poseł do Parlamentu Europejskiego,,dariusz_jonski,,https://data.europarl.europa.eu/api/v2/meps/257031?format=application%2Fld%2Bjson,https://x.com/dariusz_jonski,confirmed_by_official_link,Dowód: pole OnlineAccount (typ TWT) w oficjalnym rekordzie posła w danych otwartych PE. Sprawdzono: 2026-09-24.
"europarl open data (show-current, PL)",257086,Jacek Ozdoba,european,Poseł do Parlamentu Europejskiego,,,,,,no_candidate_found,Oficjalny rekord PE nie zawiera konta X. Wikidata niedostępna w tej sesji (wikidata.org zablokowane dla narzędzi) — podpowiedzi nie sprawdzono. Sprawdzono: 2026-09-24.
"europarl open data (show-current, PL)",257077,Marlena Maląg,european,Poseł do Parlamentu Europejskiego,,MarlenaMalag,,https://data.europarl.europa.eu/api/v2/meps/257077?format=application%2Fld%2Bjson,https://x.com/MarlenaMalag,confirmed_by_official_link,Dowód: pole OnlineAccount (typ TWT) w oficjalnym rekordzie posła w danych otwartych PE. Sprawdzono: 2026-09-24.
"europarl open data (show-current, PL)",257076,Michał Dworczyk,european,Poseł do Parlamentu Europejskiego,,,,,,no_candidate_found,Oficjalny rekord PE nie zawiera konta X. Wikidata niedostępna w tej sesji (wikidata.org zablokowane dla narzędzi) — podpowiedzi nie sprawdzono. Sprawdzono: 2026-09-24.
"europarl open data (show-current, PL) | psl.pl (Ludowcy)",124895 | psl:krzysztof-hetman,Krzysztof Hetman,european,Poseł do Parlamentu Europejskiego; PSL — Wiceprezes NKW PSL,,Hetman_K,,https://data.europarl.europa.eu/api/v2/meps/124895?format=application%2Fld%2Bjson,https://x.com/Hetman_K,confirmed_by_official_link,Dowód: pole OnlineAccount (typ TWT) w oficjalnym rekordzie posła w danych otwartych PE. Role z różnych oficjalnych rosterów połączono po identycznym imieniu i nazwisku — redakcja potwierdza tożsamość przed publikacją. Ten sam adres potwierdza też: https://www.psl.pl/ludowcy/ (karta „Krzysztof Hetman — WICEPREZES NKW PSL” na psl.pl). Sprawdzono: 2026-09-24.
"europarl open data (show-current, PL)",197490,Magdalena Adamowicz,european,Poseł do Parlamentu Europejskiego,,Adamowicz_Magda,,https://data.europarl.europa.eu/api/v2/meps/197490?format=application%2Fld%2Bjson,https://twitter.com/Adamowicz_Magda,confirmed_by_official_link,Dowód: pole OnlineAccount (typ TWT) w oficjalnym rekordzie posła w danych otwartych PE. Sprawdzono: 2026-09-24.
"europarl open data (show-current, PL)",251324,Krzysztof Brejza,european,Poseł do Parlamentu Europejskiego,,krzysztofbrejza,,https://data.europarl.europa.eu/api/v2/meps/251324?format=application%2Fld%2Bjson,https://x.com/krzysztofbrejza,confirmed_by_official_link,Dowód: pole OnlineAccount (typ TWT) w oficjalnym rekordzie posła w danych otwartych PE. Sprawdzono: 2026-09-24.
"europarl open data (show-current, PL)",197523,Łukasz Kohut,european,Poseł do Parlamentu Europejskiego,,lukaszkohut,,https://data.europarl.europa.eu/api/v2/meps/197523?format=application%2Fld%2Bjson,https://twitter.com/lukaszkohut,confirmed_by_official_link,Dowód: pole OnlineAccount (typ TWT) w oficjalnym rekordzie posła w danych otwartych PE. Sprawdzono: 2026-09-24.
"europarl open data (show-current, PL) | psl.pl (Ludowcy)",197517 | psl:adam-jarubas,Adam Jarubas,european,Poseł do Parlamentu Europejskiego; PSL — Wiceprezes NKW PSL,,JarubasAdam,,https://data.europarl.europa.eu/api/v2/meps/197517?format=application%2Fld%2Bjson,https://twitter.com/JarubasAdam,confirmed_by_official_link,Dowód: pole OnlineAccount (typ TWT) w oficjalnym rekordzie posła w danych otwartych PE. Role z różnych oficjalnych rosterów połączono po identycznym imieniu i nazwisku — redakcja potwierdza tożsamość przed publikacją. Ten sam adres potwierdza też: https://www.psl.pl/ludowcy/ (karta „Adam Jarubas — WICEPREZES NKW PSL” na psl.pl). Sprawdzono: 2026-09-24.
"europarl open data (show-current, PL) | platforma.org (Ludzie)",197525 | po:ewa-kopacz,Ewa Kopacz,european,Poseł do Parlamentu Europejskiego; Platforma Obywatelska — Wiceprzewodnicząca,,ewakopacz,,https://data.europarl.europa.eu/api/v2/meps/197525?format=application%2Fld%2Bjson,https://twitter.com/ewakopacz,confirmed_by_official_link,Dowód: pole OnlineAccount (typ TWT) w oficjalnym rekordzie posła w danych otwartych PE. Role z różnych oficjalnych rosterów połączono po identycznym imieniu i nazwisku — redakcja potwierdza tożsamość przed publikacją. Profil na platforma.org linkuje tylko konto partii (twitter.com/Platforma_org). Sprawdzono: 2026-09-24.
"europarl open data (show-current, PL)",197545,Bogdan Rzońca,european,Poseł do Parlamentu Europejskiego,,bogdan_rzonca,,https://data.europarl.europa.eu/api/v2/meps/197545?format=application%2Fld%2Bjson,https://twitter.com/bogdan_rzonca,confirmed_by_official_link,Dowód: pole OnlineAccount (typ TWT) w oficjalnym rekordzie posła w danych otwartych PE. Sprawdzono: 2026-09-24.
"europarl open data (show-current, PL)",124884,Kosma Złotowski,european,Poseł do Parlamentu Europejskiego,,KosmaZlotowski,,https://data.europarl.europa.eu/api/v2/meps/124884?format=application%2Fld%2Bjson,https://twitter.com/KosmaZlotowski,confirmed_by_official_link,Dowód: pole OnlineAccount (typ TWT) w oficjalnym rekordzie posła w danych otwartych PE. Sprawdzono: 2026-09-24.
"europarl open data (show-current, PL)",257049,Mirosława Nykiel,european,Poseł do Parlamentu Europejskiego,,MiroslawaNykiel,,https://data.europarl.europa.eu/api/v2/meps/257049?format=application%2Fld%2Bjson,https://x.com/MiroslawaNykiel,confirmed_by_official_link,Dowód: pole OnlineAccount (typ TWT) w oficjalnym rekordzie posła w danych otwartych PE. Sprawdzono: 2026-09-24.
"europarl open data (show-current, PL)",257032,Kamila Gasiuk-Pihowicz,european,Poseł do Parlamentu Europejskiego,,Gasiuk_Pihowicz,,https://data.europarl.europa.eu/api/v2/meps/257032?format=application%2Fld%2Bjson,https://x.com/Gasiuk_Pihowicz,confirmed_by_official_link,Dowód: pole OnlineAccount (typ TWT) w oficjalnym rekordzie posła w danych otwartych PE. Sprawdzono: 2026-09-24.
"europarl open data (show-current, PL) | platforma.org (Ludzie)",257047 | po:borys-budka,Borys Budka,european,Poseł do Parlamentu Europejskiego; Platforma Obywatelska — Wiceprzewodniczący,,bbudka,,https://data.europarl.europa.eu/api/v2/meps/257047?format=application%2Fld%2Bjson,https://x.com/bbudka,confirmed_by_official_link,Dowód: pole OnlineAccount (typ TWT) w oficjalnym rekordzie posła w danych otwartych PE. Role z różnych oficjalnych rosterów połączono po identycznym imieniu i nazwisku — redakcja potwierdza tożsamość przed publikacją. Profil na platforma.org linkuje tylko konto partii (twitter.com/Platforma_org). Sprawdzono: 2026-09-24.
"europarl open data (show-current, PL) | wolnosc.pl (Władze Nowej Nadziei)",257070 | nn:marcin-sypniewski,Marcin Sypniewski,european,Poseł do Parlamentu Europejskiego; Nowa Nadzieja — Wiceprezes Partii,,,,,,no_candidate_found,Role z różnych oficjalnych rosterów połączono po identycznym imieniu i nazwisku — redakcja potwierdza tożsamość przed publikacją. Oficjalny rekord PE nie zawiera konta X. Strona władz Nowej Nadziei nie linkuje osobistych kont X. Wikidata niedostępna w tej sesji (wikidata.org zablokowane dla narzędzi) — podpowiedzi nie sprawdzono. Sprawdzono: 2026-09-24.
"europarl open data (show-current, PL)",257064,Anna Bryłka,european,Poseł do Parlamentu Europejskiego,,,,,,no_candidate_found,Oficjalny rekord PE nie zawiera konta X. Wikidata niedostępna w tej sesji (wikidata.org zablokowane dla narzędzi) — podpowiedzi nie sprawdzono. Sprawdzono: 2026-09-24.
"europarl open data (show-current, PL)",257058,Daniel Obajtek,european,Poseł do Parlamentu Europejskiego,,,,,,no_candidate_found,Oficjalny rekord PE nie zawiera konta X. Wikidata niedostępna w tej sesji (wikidata.org zablokowane dla narzędzi) — podpowiedzi nie sprawdzono. Sprawdzono: 2026-09-24.
"europarl open data (show-current, PL)",86057,Bartłomiej Sienkiewicz,european,Poseł do Parlamentu Europejskiego,,BartSienkiewicz,,https://data.europarl.europa.eu/api/v2/meps/86057?format=application%2Fld%2Bjson,https://x.com/BartSienkiewicz,confirmed_by_official_link,Dowód: pole OnlineAccount (typ TWT) w oficjalnym rekordzie posła w danych otwartych PE. Sprawdzono: 2026-09-24.
"europarl open data (show-current, PL)",257082,Jagna Marczułajtis-Walczak,european,Poseł do Parlamentu Europejskiego,,JagnaMarczulajt,,https://data.europarl.europa.eu/api/v2/meps/257082?format=application%2Fld%2Bjson,https://x.com/JagnaMarczulajt,confirmed_by_official_link,Dowód: pole OnlineAccount (typ TWT) w oficjalnym rekordzie posła w danych otwartych PE. Sprawdzono: 2026-09-24.
"europarl open data (show-current, PL)",197572,Anna Zalewska,european,Poseł do Parlamentu Europejskiego,,annazalewskamep,,https://data.europarl.europa.eu/api/v2/meps/197572?format=application%2Fld%2Bjson,https://twitter.com/annazalewskamep,confirmed_by_official_link,Dowód: pole OnlineAccount (typ TWT) w oficjalnym rekordzie posła w danych otwartych PE. Sprawdzono: 2026-09-24.
"europarl open data (show-current, PL)",197498,Robert Biedroń,european,Poseł do Parlamentu Europejskiego,,robertbiedron,,https://data.europarl.europa.eu/api/v2/meps/197498?format=application%2Fld%2Bjson,https://twitter.com/robertbiedron,confirmed_by_official_link,Dowód: pole OnlineAccount (typ TWT) w oficjalnym rekordzie posła w danych otwartych PE. Sprawdzono: 2026-09-24.
"europarl open data (show-current, PL)",197514,Andrzej Halicki,european,Poseł do Parlamentu Europejskiego,,AndrzejHalicki,,https://data.europarl.europa.eu/api/v2/meps/197514?format=application%2Fld%2Bjson,https://twitter.com/AndrzejHalicki,confirmed_by_official_link,Dowód: pole OnlineAccount (typ TWT) w oficjalnym rekordzie posła w danych otwartych PE. Sprawdzono: 2026-09-24.
pis.org.pl (Prezydium Partii),pis:jaroslaw_kaczynski_1,Jarosław Kaczyński,party,PiS — Prezes Partii,,,,,,no_candidate_found,Profil w pis.org.pl nie zawiera linku X. Wikidata niedostępna w tej sesji (wikidata.org zablokowane dla narzędzi) — podpowiedzi nie sprawdzono. Sprawdzono: 2026-09-24.
pis.org.pl (Prezydium Partii),pis:mariusz_blaszczak,Mariusz Błaszczak,party,PiS — członek Prezydium Partii (strona nie wskazuje funkcji wiceprezesa),,mblaszczak,,https://pis.org.pl/osoba/mariusz_blaszczak/,https://twitter.com/mblaszczak,confirmed_by_official_link,Dowód: widżet mediów społecznościowych na profilu osoby w pis.org.pl. Sprawdzono: 2026-09-24.
pis.org.pl (Prezydium Partii),pis:przemyslaw_czarnek,Przemysław Czarnek,party,PiS — członek Prezydium Partii (strona nie wskazuje funkcji wiceprezesa),,CzarnekP,,https://pis.org.pl/osoba/przemyslaw_czarnek/,https://x.com/CzarnekP,confirmed_by_official_link,Dowód: widżet mediów społecznościowych na profilu osoby w pis.org.pl. Sprawdzono: 2026-09-24.
pis.org.pl (Prezydium Partii),pis:anna_krupka,Anna Krupka,party,PiS — członek Prezydium Partii (strona nie wskazuje funkcji wiceprezesa),,AnnaMKrupka,,https://pis.org.pl/osoba/anna_krupka/,https://twitter.com/AnnaMKrupka,confirmed_by_official_link,Dowód: widżet mediów społecznościowych na profilu osoby w pis.org.pl. Sprawdzono: 2026-09-24.
pis.org.pl (Prezydium Partii),pis:antoni_macierewicz_1,Antoni Macierewicz,party,PiS — członek Prezydium Partii (strona nie wskazuje funkcji wiceprezesa),,Macierewicz_A,,https://pis.org.pl/osoba/antoni_macierewicz_1/,https://twitter.com/Macierewicz_A,confirmed_by_official_link,Dowód: widżet mediów społecznościowych na profilu osoby w pis.org.pl. Sprawdzono: 2026-09-24.
pis.org.pl (Prezydium Partii),pis:elzbieta_witek,Elżbieta Witek,party,PiS — członek Prezydium Partii (strona nie wskazuje funkcji wiceprezesa),,elzbietawitek,,https://pis.org.pl/osoba/elzbieta_witek/,https://twitter.com/elzbietawitek,confirmed_by_official_link,Dowód: widżet mediów społecznościowych na profilu osoby w pis.org.pl. Sprawdzono: 2026-09-24.
pis.org.pl (Prezydium Partii),pis:zbigniew_ziobro_1,Zbigniew Ziobro,party,PiS — członek Prezydium Partii (strona nie wskazuje funkcji wiceprezesa),,ZiobroPL,,https://pis.org.pl/osoba/zbigniew_ziobro_1/,https://x.com/ZiobroPL,confirmed_by_official_link,Dowód: widżet mediów społecznościowych na profilu osoby w pis.org.pl. Sprawdzono: 2026-09-24.
psl.pl (Ludowcy),psl:urszula-pasławska,Urszula Pasławska,party,PSL — Wiceprezes NKW PSL,,paslawska,,https://www.psl.pl/ludowcy/,https://www.twitter.com/paslawska,confirmed_by_official_link,Dowód: karta „Urszula Pasławska — WICEPREZES NKW PSL” na psl.pl. Sprawdzono: 2026-09-24.
polska2050.pl (Zarząd Krajowy),p2050:ewa-schädler,Ewa Schädler,party,Polska 2050 — I Wiceprzewodnicząca Partii,,SchaedlerEwa,,https://polska2050.pl/nasi-ludzie/,https://twitter.com/SchaedlerEwa,confirmed_by_official_link,Dowód: karta „Ewa Schädler — I Wiceprzewodnicząca Partii” w sekcji Zarząd Krajowy. Sprawdzono: 2026-09-24.
polska2050.pl (Zarząd Krajowy),p2050:wioleta-tomczak,Wioleta Tomczak,party,Polska 2050 — Wiceprzewodnicząca Partii,,WioletaTomczak,,https://polska2050.pl/nasi-ludzie/,https://twitter.com/WioletaTomczak,confirmed_by_official_link,Dowód: karta „Wioleta Tomczak — Wiceprzewodnicząca Partii” w sekcji Zarząd Krajowy. Sprawdzono: 2026-09-24.
lewica.org.pl (Zarząd krajowy),lewica:wlodzimierz-czarzasty,Włodzimierz Czarzasty,party,Nowa Lewica — Przewodniczący,,wlodekczarzasty,,https://lewica.org.pl/o-nas/wladze-i-kadra/,https://x.com/wlodekczarzasty,confirmed_by_official_link,Dowód: blok „Social media” przy karcie „Włodzimierz Czarzasty — Przewodniczący”. Sprawdzono: 2026-09-24.
lewica.org.pl (Zarząd krajowy),lewica:dariusz-wieczorek,Dariusz Wieczorek,party,Nowa Lewica — Wiceprzewodniczący,,wieczorekdarek,,https://lewica.org.pl/o-nas/wladze-i-kadra/,https://x.com/wieczorekdarek,confirmed_by_official_link,Dowód: blok „Social media” przy karcie „Dariusz Wieczorek — Wiceprzewodniczący”. Sprawdzono: 2026-09-24.
lewica.org.pl (Zarząd krajowy),lewica:anna-maria-zukowska,Anna-Maria Żukowska,party,Nowa Lewica — Wiceprzewodnicząca,,AM_Zukowska,,https://lewica.org.pl/o-nas/wladze-i-kadra/,https://x.com/AM_Zukowska,confirmed_by_official_link,Dowód: blok „Social media” przy karcie „Anna-Maria Żukowska — Wiceprzewodnicząca”. Sprawdzono: 2026-09-24.
partiarazem.pl (Zarząd Krajowy),razem:adrian-zandberg,Adrian Zandberg,party,Razem — Współprzewodniczący,,ZandbergRAZEM,,https://partiarazem.pl/struktura,https://twitter.com/ZandbergRAZEM,confirmed_by_official_link,Dowód: karta „Adrian Zandberg — Współprzewodniczący” w sekcji Zarząd Krajowy. Sprawdzono: 2026-09-24.
partiarazem.pl (Zarząd Krajowy),razem:aleksandra-owca,Aleksandra Owca,party,Razem — Współprzewodnicząca,,owca_ola,,https://partiarazem.pl/struktura,https://twitter.com/owca_ola,confirmed_by_official_link,Dowód: karta „Aleksandra Owca — Współprzewodnicząca” w sekcji Zarząd Krajowy. Sprawdzono: 2026-09-24.
platforma.org (Ludzie),po:małgorzata-kidawa-błońska,Małgorzata Kidawa-Błońska,party,Platforma Obywatelska — Wiceprzewodnicząca,,,,,,no_candidate_found,Profil na platforma.org linkuje tylko konto partii (twitter.com/Platforma_org). Wikidata niedostępna w tej sesji (wikidata.org zablokowane dla narzędzi) — podpowiedzi nie sprawdzono. Sprawdzono: 2026-09-24.
platforma.org (Ludzie),po:izabela-leszczyna,Izabela Leszczyna,party,Platforma Obywatelska — Wiceprzewodnicząca,,,,,,no_candidate_found,Profil na platforma.org linkuje tylko konto partii (twitter.com/Platforma_org). Wikidata niedostępna w tej sesji (wikidata.org zablokowane dla narzędzi) — podpowiedzi nie sprawdzono. Sprawdzono: 2026-09-24.
platforma.org (Ludzie),po:dorota-niedziela,Dorota Niedziela,party,Platforma Obywatelska — Wiceprzewodnicząca,,,,,,no_candidate_found,Profil na platforma.org linkuje tylko konto partii (twitter.com/Platforma_org). Wikidata niedostępna w tej sesji (wikidata.org zablokowane dla narzędzi) — podpowiedzi nie sprawdzono. Sprawdzono: 2026-09-24.
wolnosc.pl (Władze Nowej Nadziei),nn:sławomir-mentzen,Sławomir Mentzen,party,Nowa Nadzieja — Prezes,,,,,,no_candidate_found,Strona władz Nowej Nadziei nie linkuje osobistych kont X. Wikidata niedostępna w tej sesji (wikidata.org zablokowane dla narzędzi) — podpowiedzi nie sprawdzono. Sprawdzono: 2026-09-24.
wolnosc.pl (Władze Nowej Nadziei),nn:konrad-berkowicz,Konrad Berkowicz,party,Nowa Nadzieja — Wiceprezes Partii,,,,,,no_candidate_found,Strona władz Nowej Nadziei nie linkuje osobistych kont X. Wikidata niedostępna w tej sesji (wikidata.org zablokowane dla narzędzi) — podpowiedzi nie sprawdzono. Sprawdzono: 2026-09-24.
wolnosc.pl (Władze Nowej Nadziei),nn:bartłomiej-pejo,Bartłomiej Pejo,party,Nowa Nadzieja — Wiceprezes Partii,,,,,,no_candidate_found,Strona władz Nowej Nadziei nie linkuje osobistych kont X. Wikidata niedostępna w tej sesji (wikidata.org zablokowane dla narzędzi) — podpowiedzi nie sprawdzono. Sprawdzono: 2026-09-24.
wolnosc.pl (Władze Nowej Nadziei),nn:krzysztof-rzońca,Krzysztof Rzońca,party,Nowa Nadzieja — Wiceprezes Partii,,,,,,no_candidate_found,Strona władz Nowej Nadziei nie linkuje osobistych kont X. Wikidata niedostępna w tej sesji (wikidata.org zablokowane dla narzędzi) — podpowiedzi nie sprawdzono. Sprawdzono: 2026-09-24.
konfederacjakoronypolskiej.pl (Prezydium),kkp:włodzimierz-skalik,Włodzimierz Skalik,party,Konfederacja Korony Polskiej — Wiceprezes,,,,,,no_candidate_found,Strona prezydium KKP linkuje tylko konto partii (twitter.com/koronypolskiej). Wikidata niedostępna w tej sesji (wikidata.org zablokowane dla narzędzi) — podpowiedzi nie sprawdzono. Sprawdzono: 2026-09-24.
konfederacjakoronypolskiej.pl (Prezydium),kkp:roman-fritz,Roman Fritz,party,Konfederacja Korony Polskiej — Wiceprezes,,,,,,no_candidate_found,Strona prezydium KKP linkuje tylko konto partii (twitter.com/koronypolskiej). Wikidata niedostępna w tej sesji (wikidata.org zablokowane dla narzędzi) — podpowiedzi nie sprawdzono. Sprawdzono: 2026-09-24.
